gen,dex,level,move_id
1,1,1,33
1,1,1,45
1,1,7,73
1,1,13,22
1,1,20,77
1,1,27,75
1,1,34,74
1,1,41,79
1,1,48,76
1,2,1,33
1,2,1,45
1,2,7,73
1,2,13,22
1,2,22,77
1,2,30,75
1,2,38,74
1,2,46,79
1,2,54,76
1,3,1,33
1,3,1,45
1,3,7,73
1,3,13,22
1,3,22,77
1,3,30,75
1,3,43,74
1,3,55,79
1,3,65,76
1,4,1,10
1,4,1,45
1,4,9,52
1,4,15,43
1,4,22,99
1,4,30,163
1,4,38,53
1,4,46,83
1,5,1,10
1,5,1,45
1,5,9,52
1,5,15,43
1,5,24,99
1,5,33,163
1,5,42,53
1,5,56,83
1,6,1,10
1,6,1,45
1,6,9,52
1,6,15,43
1,6,24,99
1,6,36,163
1,6,46,53
1,6,55,83
1,7,1,33
1,7,1,39
1,7,8,145
1,7,15,55
1,7,22,44
1,7,28,110
1,7,35,130
1,7,42,56
1,8,1,33
1,8,1,39
1,8,8,145
1,8,15,55
1,8,24,44
1,8,31,110
1,8,39,130
1,8,47,56
1,9,1,33
1,9,1,39
1,9,8,145
1,9,15,55
1,9,24,44
1,9,31,110
1,9,42,130
1,9,52,56
1,10,1,33
1,10,1,81
1,11,1,106
1,12,12,93
1,12,15,77
1,12,16,78
1,12,17,79
1,12,21,48
1,12,26,18
1,12,32,60
1,13,1,40
1,13,1,81
1,14,1,106
1,15,12,31
1,15,16,116
1,15,20,41
1,15,25,99
1,15,30,42
1,15,35,97
1,16,1,16
1,16,5,28
1,16,12,98
1,16,19,18
1,16,28,17
1,16,36,97
1,16,44,119
1,17,1,16
1,17,5,28
1,17,12,98
1,17,21,18
1,17,31,17
1,17,40,97
1,17,49,119
1,18,1,16
1,18,5,28
1,18,12,98
1,18,21,18
1,18,31,17
1,18,44,97
1,18,54,119
1,19,1,33
1,19,1,39
1,19,7,98
1,19,14,158
1,19,23,116
1,19,34,162
1,20,1,33
1,20,1,39
1,20,7,98
1,20,14,158
1,20,27,116
1,20,41,162
1,21,1,64
1,21,1,45
1,21,9,43
1,21,15,31
1,21,22,119
1,21,29,65
1,21,36,97
1,22,1,64
1,22,1,45
1,22,9,43
1,22,15,31
1,22,25,119
1,22,34,65
1,22,43,97
1,23,1,35
1,23,1,43
1,23,10,40
1,23,17,44
1,23,24,137
1,23,31,103
1,23,38,51
1,24,1,35
1,24,1,43
1,24,10,40
1,24,17,44
1,24,27,137
1,24,36,103
1,24,47,51
1,25,1,84
1,25,1,45
1,25,9,86
1,25,16,98
1,25,26,129
1,25,33,97
1,25,43,87
1,26,1,84
1,26,1,45
1,26,1,86
1,27,1,10
1,27,10,28
1,27,17,163
1,27,24,40
1,27,31,129
1,27,38,154
1,28,1,10
1,28,10,28
1,28,17,163
1,28,27,40
1,28,36,129
1,28,47,154
1,29,1,45
1,29,1,33
1,29,8,10
1,29,14,40
1,29,21,39
1,29,29,44
1,29,36,154
1,29,43,24
1,30,1,45
1,30,1,33
1,30,8,10
1,30,14,40
1,30,23,39
1,30,32,44
1,30,41,154
1,30,50,24
1,31,1,33
1,31,1,39
1,31,8,10
1,31,14,40
1,31,23,34
1,32,1,43
1,32,1,33
1,32,8,30
1,32,14,40
1,32,21,116
1,32,29,31
1,32,36,32
1,32,43,24
1,33,1,43
1,33,1,33
1,33,8,30
1,33,14,40
1,33,23,116
1,33,32,31
1,33,41,32
1,33,50,24
1,34,1,33
1,34,8,30
1,34,14,40
1,34,23,37
1,35,1,1
1,35,1,45
1,35,13,47
1,35,18,3
1,35,24,107
1,35,31,118
1,35,39,111
1,35,48,113
1,36,1,47
1,36,1,3
1,36,1,107
1,36,1,118
1,37,1,52
1,37,1,39
1,37,16,98
1,37,21,46
1,37,28,109
1,37,35,53
1,37,42,83
1,38,1,52
1,38,1,39
1,38,1,98
1,38,1,46
1,39,1,47
1,39,9,1
1,39,14,50
1,39,19,111
1,39,24,3
1,39,29,156
1,39,34,34
1,39,39,38
1,40,1,47
1,40,1,50
1,40,1,111
1,40,1,3
1,41,1,141
1,41,10,48
1,41,15,44
1,41,21,109
1,41,28,17
1,41,36,114
1,42,1,141
1,42,1,103
1,42,10,48
1,42,15,44
1,42,21,109
1,42,32,17
1,42,43,114
1,43,1,71
1,43,15,77
1,43,17,78
1,43,19,79
1,43,24,51
1,43,33,80
1,43,46,76
1,44,1,71
1,44,15,77
1,44,17,78
1,44,19,79
1,44,28,51
1,44,38,80
1,44,52,76
1,45,1,51
1,45,1,80
1,45,15,77
1,45,17,78
1,45,19,79
1,46,1,10
1,46,13,78
1,46,20,141
1,46,27,147
1,46,34,163
1,46,41,74
1,47,1,10
1,47,13,78
1,47,20,141
1,47,30,147
1,47,39,163
1,47,48,74
1,48,1,33
1,48,1,50
1,48,24,77
1,48,27,141
1,48,30,78
1,48,35,60
1,48,38,79
1,48,43,94
1,49,1,33
1,49,1,50
1,49,24,77
1,49,27,141
1,49,30,78
1,49,38,60
1,49,43,79
1,49,50,94
1,50,1,10
1,50,15,45
1,50,19,91
1,50,24,28
1,50,31,163
1,50,40,89
1,51,1,10
1,51,15,45
1,51,19,91
1,51,24,28
1,51,35,163
1,51,47,89
1,52,1,10
1,52,1,45
1,52,12,44
1,52,17,6
1,52,24,103
1,52,33,154
1,52,44,163
1,53,1,10
1,53,1,45
1,53,12,44
1,53,17,6
1,53,24,103
1,53,37,154
1,53,51,163
1,54,1,10
1,54,28,39
1,54,31,50
1,54,36,93
1,54,43,154
1,54,52,56
1,55,1,10
1,55,28,39
1,55,31,50
1,55,39,93
1,55,48,154
1,55,59,56
1,56,1,10
1,56,1,43
1,56,15,2
1,56,21,154
1,56,27,116
1,56,33,69
1,56,39,37
1,57,1,10
1,57,1,43
1,57,15,2
1,57,21,154
1,57,27,116
1,57,37,69
1,57,46,37
1,58,1,44
1,58,1,46
1,58,18,52
1,58,23,43
1,58,30,36
1,58,39,97
1,58,50,53
1,59,1,46
1,59,1,52
1,59,1,43
1,59,1,36
1,60,1,145
1,60,16,95
1,60,19,55
1,60,25,3
1,60,31,34
1,60,38,133
1,60,45,56
1,61,1,145
1,61,16,95
1,61,19,55
1,61,26,3
1,61,33,34
1,61,41,133
1,61,49,56
1,62,1,3
1,62,1,34
1,62,16,95
1,62,19,55
1,63,1,100
1,64,1,100
1,64,16,93
1,64,20,50
1,64,27,60
1,64,31,105
1,64,38,94
1,64,42,115
1,65,1,100
1,65,16,93
1,65,20,50
1,65,27,60
1,65,31,105
1,65,38,94
1,65,42,115
1,66,1,2
1,66,20,67
1,66,25,43
1,66,32,116
1,66,39,69
1,66,46,66
1,67,1,2
1,67,20,67
1,67,25,43
1,67,36,116
1,67,44,69
1,67,52,66
1,68,1,2
1,68,20,67
1,68,25,43
1,68,36,116
1,68,44,69
1,68,52,66
1,69,1,22
1,69,1,74
1,69,13,35
1,69,15,77
1,69,18,79
1,69,21,78
1,69,26,51
1,69,33,75
1,69,42,21
1,70,1,22
1,70,1,74
1,70,13,35
1,70,15,77
1,70,18,79
1,70,23,78
1,70,29,51
1,70,38,75
1,70,49,21
1,71,1,78
1,71,1,51
1,71,1,75
1,71,13,35
1,71,15,77
1,71,18,79
1,72,1,51
1,72,7,48
1,72,13,35
1,72,18,40
1,72,22,55
1,72,27,132
1,72,33,112
1,72,40,103
1,72,48,56
1,73,1,51
1,73,7,48
1,73,13,35
1,73,18,40
1,73,22,55
1,73,27,132
1,73,35,112
1,73,43,103
1,73,50,56
1,74,1,33
1,74,11,111
1,74,16,88
1,74,21,120
1,74,26,106
1,74,31,89
1,74,36,153
1,75,1,33
1,75,11,111
1,75,16,88
1,75,21,120
1,75,29,106
1,75,36,89
1,75,43,153
1,76,1,33
1,76,11,111
1,76,16,88
1,76,21,120
1,76,29,106
1,76,36,89
1,76,43,153
1,77,1,52
1,77,30,39
1,77,32,23
1,77,35,45
1,77,39,83
1,77,43,36
1,77,48,97
1,78,1,52
1,78,30,39
1,78,32,23
1,78,35,45
1,78,39,83
1,78,47,36
1,78,55,97
1,79,1,93
1,79,18,50
1,79,22,29
1,79,27,45
1,79,33,55
1,79,40,133
1,79,48,94
1,80,1,93
1,80,18,50
1,80,22,29
1,80,27,45
1,80,33,55
1,80,37,110
1,80,44,133
1,80,55,94
1,81,1,33
1,81,21,49
1,81,25,84
1,81,29,48
1,81,35,86
1,81,41,129
1,81,47,103
1,82,1,33
1,82,21,49
1,82,25,84
1,82,29,48
1,82,38,86
1,82,46,129
1,82,54,103
1,83,1,64
1,83,1,28
1,83,7,43
1,83,15,31
1,83,23,14
1,83,31,97
1,83,39,163
1,84,1,64
1,84,20,45
1,84,24,31
1,84,30,65
1,84,36,99
1,84,40,161
1,84,44,97
1,85,1,64
1,85,20,45
1,85,24,31
1,85,30,65
1,85,39,99
1,85,45,161
1,85,51,97
1,86,1,29
1,86,30,45
1,86,35,62
1,86,40,156
1,86,45,36
1,86,50,58
1,87,1,29
1,87,30,45
1,87,35,62
1,87,44,156
1,87,50,36
1,87,56,58
1,88,1,1
1,88,1,50
1,88,30,139
1,88,33,107
1,88,37,124
1,88,42,106
1,88,48,103
1,88,55,151
1,89,1,1
1,89,1,50
1,89,30,139
1,89,33,107
1,89,37,124
1,89,45,106
1,89,53,103
1,89,60,151
1,90,1,33
1,90,1,110
1,90,18,48
1,90,23,128
1,90,30,62
1,90,39,43
1,90,50,58
1,91,1,110
1,91,1,48
1,91,1,128
1,91,1,62
1,91,50,131
1,92,1,122
1,92,1,109
1,92,1,101
1,92,27,95
1,92,35,138
1,93,1,122
1,93,1,109
1,93,1,101
1,93,29,95
1,93,38,138
1,94,1,122
1,94,1,109
1,94,1,101
1,94,29,95
1,94,38,138
1,95,1,33
1,95,1,103
1,95,15,20
1,95,19,88
1,95,25,99
1,95,33,21
1,95,43,106
1,96,1,1
1,96,1,95
1,96,12,50
1,96,17,93
1,96,24,29
1,96,29,139
1,96,32,94
1,96,37,96
1,97,1,1
1,97,1,95
1,97,12,50
1,97,17,93
1,97,24,29
1,97,33,139
1,97,37,94
1,97,43,96
1,98,1,145
1,98,1,43
1,98,20,11
1,98,25,12
1,98,30,23
1,98,35,152
1,98,40,106
1,99,1,145
1,99,1,43
1,99,20,11
1,99,25,12
1,99,34,23
1,99,42,152
1,99,49,106
1,100,1,33
1,100,1,103
1,100,17,49
1,100,22,120
1,100,29,113
1,100,36,129
1,100,43,153
1,101,1,33
1,101,1,103
1,101,17,49
1,101,22,120
1,101,29,113
1,101,40,129
1,101,50,153
1,102,1,140
1,102,1,95
1,102,25,115
1,102,28,73
1,102,32,78
1,102,37,77
1,102,42,76
1,102,48,79
1,103,1,140
1,103,1,95
1,103,28,23
1,104,1,125
1,104,1,45
1,104,25,43
1,104,31,116
1,104,38,37
1,104,43,155
1,104,46,99
1,105,1,125
1,105,1,45
1,105,25,43
1,105,33,116
1,105,41,37
1,105,48,155
1,105,55,99
1,106,1,24
1,106,1,96
1,106,33,27
1,106,38,26
1,106,43,116
1,106,48,136
1,106,53,25
1,107,1,4
1,107,1,97
1,107,33,7
1,107,38,8
1,107,43,9
1,107,48,5
1,107,53,68
1,108,1,35
1,108,1,48
1,108,7,23
1,108,15,50
1,108,23,111
1,108,31,21
1,108,39,103
1,109,1,33
1,109,1,123
1,109,32,124
1,109,37,108
1,109,40,120
1,109,45,114
1,109,48,153
1,110,1,33
1,110,1,123
1,110,32,124
1,110,39,108
1,110,43,120
1,110,49,114
1,110,53,153
1,111,1,30
1,111,30,23
1,111,35,39
1,111,40,31
1,111,45,32
1,111,50,43
1,111,55,36
1,112,1,30
1,112,30,23
1,112,35,39
1,112,40,31
1,112,48,32
1,112,55,43
1,112,64,36
1,113,1,1
1,113,1,3
1,113,24,47
1,113,30,45
1,113,38,107
1,113,44,111
1,113,48,113
1,113,54,38
1,114,1,132
1,114,1,20
1,114,29,71
1,114,32,77
1,114,36,78
1,114,39,79
1,114,45,21
1,114,49,74
1,115,1,4
1,115,1,99
1,115,26,44
1,115,31,39
1,115,36,5
1,115,41,43
1,115,46,146
1,116,1,145
1,116,19,108
1,116,24,43
1,116,30,55
1,116,37,97
1,116,45,56
1,117,1,145
1,117,19,108
1,117,24,43
1,117,30,55
1,117,41,97
1,117,52,56
1,118,1,64
1,118,1,39
1,118,19,48
1,118,24,30
1,118,30,31
1,118,37,127
1,118,45,32
1,118,54,97
1,119,1,64
1,119,1,39
1,119,19,48
1,119,24,30
1,119,30,31
1,119,39,127
1,119,48,32
1,119,54,97
1,120,1,33
1,120,17,55
1,120,22,106
1,120,27,105
1,120,32,129
1,120,37,107
1,120,42,113
1,120,47,56
1,121,1,33
1,121,1,55
1,121,1,106
1,122,1,112
1,122,15,93
1,122,23,113
1,122,31,3
1,122,39,96
1,122,47,164
1,123,1,98
1,123,17,43
1,123,20,116
1,123,24,104
1,123,29,163
1,123,35,14
1,123,42,97
1,124,1,1
1,124,1,142
1,124,18,122
1,124,23,3
1,124,31,8
1,124,39,34
1,124,47,37
1,124,58,59
1,125,1,98
1,125,1,43
1,125,34,84
1,125,37,103
1,125,42,9
1,125,49,113
1,125,54,87
1,126,1,52
1,126,36,43
1,126,39,109
1,126,43,7
1,126,48,108
1,126,52,123
1,126,55,53
1,127,1,11
1,127,25,69
1,127,30,12
1,127,36,116
1,127,43,106
1,127,49,163
1,127,54,14
1,128,1,33
1,128,21,23
1,128,28,39
1,128,35,43
1,128,44,99
1,128,51,36
1,129,1,150
1,129,15,33
1,130,20,44
1,130,25,82
1,130,32,43
1,130,41,56
1,130,52,63
1,131,1,55
1,131,1,45
1,131,16,47
1,131,20,54
1,131,25,34
1,131,31,109
1,131,38,58
1,131,46,56
1,132,1,144
1,133,1,33
1,133,1,28
1,133,27,98
1,133,31,39
1,133,37,44
1,133,45,36
1,134,1,33
1,134,1,28
1,134,27,98
1,134,31,55
1,134,37,39
1,134,40,44
1,134,42,151
1,134,44,114
1,134,48,54
1,134,54,56
1,135,1,33
1,135,1,28
1,135,27,98
1,135,31,84
1,135,37,39
1,135,40,86
1,135,42,24
1,135,44,97
1,135,48,42
1,135,54,87
1,136,1,33
1,136,1,28
1,136,27,98
1,136,31,52
1,136,37,39
1,136,40,44
1,136,42,43
1,136,44,83
1,136,48,99
1,136,54,53
1,137,1,33
1,137,1,159
1,137,1,160
1,137,23,60
1,137,28,105
1,137,35,97
1,137,42,161
1,138,1,55
1,138,1,110
1,138,34,30
1,138,39,43
1,138,46,131
1,138,53,56
1,139,1,55
1,139,1,110
1,139,34,30
1,139,39,43
1,139,44,131
1,139,49,56
1,140,1,10
1,140,1,106
1,140,34,71
1,140,39,163
1,140,44,43
1,140,49,56
1,141,1,10
1,141,1,106
1,141,34,71
1,141,39,163
1,141,46,43
1,141,53,56
1,142,1,17
1,142,1,97
1,142,33,48
1,142,38,44
1,142,45,36
1,142,54,63
1,143,1,29
1,143,1,133
1,143,1,156
1,143,35,34
1,143,41,106
1,143,48,38
1,143,56,63
1,144,1,64
1,144,1,58
1,144,51,59
1,144,55,97
1,144,60,54
1,145,1,84
1,145,1,65
1,145,51,87
1,145,55,97
1,145,60,113
1,146,1,64
1,146,1,83
1,146,51,43
1,146,55,97
1,146,60,143
1,147,1,35
1,147,1,43
1,147,10,86
1,147,20,97
1,147,30,21
1,147,40,82
1,147,50,63
1,148,1,35
1,148,1,43
1,148,10,86
1,148,20,97
1,148,35,21
1,148,45,82
1,148,55,63
1,149,1,35
1,149,1,43
1,149,10,86
1,149,20,97
1,149,35,21
1,149,45,82
1,149,60,63
1,150,1,93
1,150,1,50
1,150,1,129
1,150,63,112
1,150,66,94
1,150,70,105
1,150,75,54
1,150,81,133
1,151,1,1
1,151,10,144
1,151,20,5
1,151,30,118
1,151,40,94
2,1,1,33
2,1,4,45
2,1,7,73
2,1,10,22
2,1,15,77
2,1,15,79
2,1,20,75
2,1,25,230
2,1,32,74
2,1,39,235
2,1,46,76
2,2,1,33
2,2,1,45
2,2,1,73
2,2,4,45
2,2,7,73
2,2,10,22
2,2,15,77
2,2,15,79
2,2,22,75
2,2,29,230
2,2,38,74
2,2,47,235
2,2,56,76
2,3,1,33
2,3,1,45
2,3,1,73
2,3,1,22
2,3,4,45
2,3,7,73
2,3,10,22
2,3,15,77
2,3,15,79
2,3,22,75
2,3,29,230
2,3,41,74
2,3,53,235
2,3,65,76
2,4,1,10
2,4,1,45
2,4,7,52
2,4,13,108
2,4,19,99
2,4,25,184
2,4,31,53
2,4,37,163
2,4,43,82
2,4,49,83
2,5,1,10
2,5,1,45
2,5,1,52
2,5,7,52
2,5,13,108
2,5,20,99
2,5,27,184
2,5,34,53
2,5,41,163
2,5,48,82
2,5,55,83
2,6,1,10
2,6,1,45
2,6,1,52
2,6,1,108
2,6,7,52
2,6,13,108
2,6,20,99
2,6,27,184
2,6,34,53
2,6,36,17
2,6,44,163
2,6,54,82
2,6,64,83
2,7,1,33
2,7,4,39
2,7,7,145
2,7,10,110
2,7,13,55
2,7,18,44
2,7,23,229
2,7,28,182
2,7,33,240
2,7,40,130
2,7,47,56
2,8,1,33
2,8,1,39
2,8,1,145
2,8,4,39
2,8,7,145
2,8,10,110
2,8,13,55
2,8,19,44
2,8,25,229
2,8,31,182
2,8,37,240
2,8,45,130
2,8,53,56
2,9,1,33
2,9,1,39
2,9,1,145
2,9,1,110
2,9,4,39
2,9,7,145
2,9,10,110
2,9,13,55
2,9,19,44
2,9,25,229
2,9,31,182
2,9,42,240
2,9,55,130
2,9,68,56
2,10,1,33
2,10,1,81
2,11,1,106
2,11,7,106
2,12,1,93
2,12,10,93
2,12,13,77
2,12,14,78
2,12,15,79
2,12,18,48
2,12,23,18
2,12,28,16
2,12,34,60
2,12,40,219
2,13,1,40
2,13,1,81
2,14,1,106
2,14,7,106
2,15,1,31
2,15,10,31
2,15,15,116
2,15,20,41
2,15,25,99
2,15,30,228
2,15,35,42
2,15,40,97
2,16,1,33
2,16,5,28
2,16,9,16
2,16,15,98
2,16,21,18
2,16,29,17
2,16,37,97
2,16,47,119
2,17,1,33
2,17,1,28
2,17,1,16
2,17,5,28
2,17,9,16
2,17,15,98
2,17,23,18
2,17,33,17
2,17,43,97
2,17,55,119
2,18,1,33
2,18,1,28
2,18,1,16
2,18,1,98
2,18,5,28
2,18,9,16
2,18,15,98
2,18,23,18
2,18,33,17
2,18,46,97
2,18,61,119
2,19,1,33
2,19,1,39
2,19,7,98
2,19,13,158
2,19,20,116
2,19,27,228
2,19,34,162
2,20,1,33
2,20,1,39
2,20,1,98
2,20,7,98
2,20,13,158
2,20,20,184
2,20,30,228
2,20,40,162
2,21,1,64
2,21,1,45
2,21,7,43
2,21,13,31
2,21,25,228
2,21,31,119
2,21,37,65
2,21,43,97
2,22,1,64
2,22,1,45
2,22,1,43
2,22,1,31
2,22,7,43
2,22,13,31
2,22,26,228
2,22,32,119
2,22,40,65
2,22,47,97
2,23,1,35
2,23,1,43
2,23,9,40
2,23,15,44
2,23,23,137
2,23,29,103
2,23,37,51
2,23,43,114
2,24,1,35
2,24,1,43
2,24,1,40
2,24,1,44
2,24,9,40
2,24,15,44
2,24,25,137
2,24,33,103
2,24,43,51
2,24,51,114
2,25,1,84
2,25,1,45
2,25,6,39
2,25,8,86
2,25,11,98
2,25,15,104
2,25,20,21
2,25,26,85
2,25,33,97
2,25,41,87
2,25,50,113
2,26,1,84
2,26,1,39
2,26,1,98
2,26,1,85
2,27,1,10
2,27,6,111
2,27,11,28
2,27,17,40
2,27,23,163
2,27,30,129
2,27,37,154
2,27,45,201
2,28,1,10
2,28,1,111
2,28,1,28
2,28,6,111
2,28,11,28
2,28,17,40
2,28,24,163
2,28,33,129
2,28,42,154
2,28,52,201
2,29,1,45
2,29,1,33
2,29,8,10
2,29,12,24
2,29,17,40
2,29,23,39
2,29,30,44
2,29,38,154
2,30,1,45
2,30,1,33
2,30,8,10
2,30,12,24
2,30,19,40
2,30,27,39
2,30,36,44
2,30,46,154
2,31,1,33
2,31,1,10
2,31,1,24
2,31,1,39
2,31,23,34
2,32,1,43
2,32,1,33
2,32,8,30
2,32,12,24
2,32,17,40
2,32,23,116
2,32,30,31
2,32,38,32
2,33,1,43
2,33,1,33
2,33,8,30
2,33,12,24
2,33,19,40
2,33,27,116
2,33,36,31
2,33,46,32
2,34,1,33
2,34,1,30
2,34,1,24
2,34,1,40
2,34,23,37
2,35,1,1
2,35,1,45
2,35,4,227
2,35,8,47
2,35,13,3
2,35,19,107
2,35,26,111
2,35,34,118
2,35,43,236
2,35,53,113
2,36,1,47
2,36,1,3
2,36,1,118
2,36,1,236
2,37,1,52
2,37,1,39
2,37,7,98
2,37,13,46
2,37,19,109
2,37,25,219
2,37,31,53
2,37,37,83
2,38,1,52
2,38,1,98
2,38,1,109
2,38,1,219
2,38,43,83
2,39,1,47
2,39,4,111
2,39,9,1
2,39,14,50
2,39,19,205
2,39,24,3
2,39,29,156
2,39,34,34
2,39,39,38
2,40,1,47
2,40,1,50
2,40,1,111
2,40,1,3
2,41,1,141
2,41,6,48
2,41,12,44
2,41,19,109
2,41,27,17
2,41,36,212
2,41,46,114
2,42,1,103
2,42,1,141
2,42,1,48
2,42,6,48
2,42,12,44
2,42,19,109
2,42,30,17
2,42,42,212
2,42,55,114
2,43,1,71
2,43,7,230
2,43,14,77
2,43,16,78
2,43,18,79
2,43,23,51
2,43,32,236
2,43,39,80
2,44,1,71
2,44,1,230
2,44,1,77
2,44,7,230
2,44,14,77
2,44,16,78
2,44,18,79
2,44,24,51
2,44,35,236
2,44,44,80
2,45,1,71
2,45,1,230
2,45,1,78
2,45,1,80
2,46,1,10
2,46,7,78
2,46,13,77
2,46,19,141
2,46,25,147
2,46,31,163
2,46,37,74
2,46,43,202
2,47,1,10
2,47,1,78
2,47,1,77
2,47,7,78
2,47,13,77
2,47,19,141
2,47,28,147
2,47,37,163
2,47,46,74
2,47,55,202
2,48,1,33
2,48,1,50
2,48,1,193
2,48,9,48
2,48,17,93
2,48,20,77
2,48,25,141
2,48,28,78
2,48,33,60
2,48,36,79
2,48,41,94
2,49,1,33
2,49,1,50
2,49,1,193
2,49,1,48
2,49,9,48
2,49,17,93
2,49,20,77
2,49,25,141
2,49,28,78
2,49,31,16
2,49,36,60
2,49,42,79
2,49,52,94
2,50,1,10
2,50,5,45
2,50,9,222
2,50,17,91
2,50,25,28
2,50,33,163
2,50,41,89
2,50,49,90
2,51,1,161
2,51,1,10
2,51,1,45
2,51,1,222
2,51,5,45
2,51,9,222
2,51,17,91
2,51,25,28
2,51,37,163
2,51,49,89
2,51,61,90
2,52,1,10
2,52,1,45
2,52,11,44
2,52,20,6
2,52,28,185
2,52,35,103
2,52,41,154
2,52,46,163
2,53,1,10
2,53,1,45
2,53,1,44
2,53,11,44
2,53,20,6
2,53,29,185
2,53,38,103
2,53,46,154
2,53,53,163
2,54,1,10
2,54,5,39
2,54,10,50
2,54,16,93
2,54,23,103
2,54,31,244
2,54,40,154
2,54,50,56
2,55,1,10
2,55,1,39
2,55,1,50
2,55,1,93
2,55,5,39
2,55,10,50
2,55,16,93
2,55,23,103
2,55,31,244
2,55,44,154
2,55,58,56
2,56,1,10
2,56,1,43
2,56,9,67
2,56,15,2
2,56,21,154
2,56,27,116
2,56,33,69
2,56,39,238
2,56,45,103
2,56,51,37
2,57,1,10
2,57,1,43
2,57,1,67
2,57,1,99
2,57,9,67
2,57,15,2
2,57,21,154
2,57,27,116
2,57,28,99
2,57,36,69
2,57,45,238
2,57,54,103
2,57,63,37
2,58,1,44
2,58,1,46
2,58,9,52
2,58,18,43
2,58,26,36
2,58,34,172
2,58,42,97
2,58,50,53
2,59,1,46
2,59,1,43
2,59,1,36
2,59,1,172
2,59,50,245
2,60,1,145
2,60,7,95
2,60,13,55
2,60,19,3
2,60,25,240
2,60,31,34
2,60,37,187
2,60,43,56
2,61,1,145
2,61,1,95
2,61,1,55
2,61,7,95
2,61,13,55
2,61,19,3
2,61,27,240
2,61,35,34
2,61,43,187
2,61,51,56
2,62,1,55
2,62,1,95
2,62,1,3
2,62,1,66
2,62,35,66
2,62,51,170
2,63,1,100
2,64,1,100
2,64,1,134
2,64,1,93
2,64,16,93
2,64,18,50
2,64,21,60
2,64,26,105
2,64,31,248
2,64,38,94
2,64,45,115
2,65,1,100
2,65,1,134
2,65,1,93
2,65,16,93
2,65,18,50
2,65,21,60
2,65,26,105
2,65,31,248
2,65,38,94
2,65,45,115
2,66,1,67
2,66,1,43
2,66,7,116
2,66,13,2
2,66,19,69
2,66,25,193
2,66,31,233
2,66,37,238
2,66,43,184
2,66,49,66
2,67,1,67
2,67,1,43
2,67,1,116
2,67,8,116
2,67,15,2
2,67,19,69
2,67,25,193
2,67,34,233
2,67,43,238
2,67,52,184
2,67,61,66
2,68,1,67
2,68,1,43
2,68,1,116
2,68,8,116
2,68,15,2
2,68,19,69
2,68,25,193
2,68,34,233
2,68,43,238
2,68,52,184
2,68,61,66
2,69,1,22
2,69,6,74
2,69,11,35
2,69,15,79
2,69,17,77
2,69,19,78
2,69,23,51
2,69,30,230
2,69,37,75
2,69,45,21
2,70,1,22
2,70,1,74
2,70,1,35
2,70,6,74
2,70,11,35
2,70,15,79
2,70,17,77
2,70,19,78
2,70,24,51
2,70,33,230
2,70,42,75
2,70,54,21
2,71,1,22
2,71,1,79
2,71,1,230
2,71,1,75
2,72,1,40
2,72,6,48
2,72,12,132
2,72,19,51
2,72,25,61
2,72,30,35
2,72,36,112
2,72,43,103
2,72,49,56
2,73,1,40
2,73,1,48
2,73,1,132
2,73,6,48
2,73,12,132
2,73,19,51
2,73,25,61
2,73,30,35
2,73,38,112
2,73,47,103
2,73,55,56
2,74,1,33
2,74,6,111
2,74,11,88
2,74,16,222
2,74,21,120
2,74,26,106
2,74,31,205
2,74,36,89
2,74,41,153
2,75,1,33
2,75,1,111
2,75,1,88
2,75,6,111
2,75,11,88
2,75,16,222
2,75,21,120
2,75,27,106
2,75,34,205
2,75,41,89
2,75,48,153
2,76,1,33
2,76,1,111
2,76,1,88
2,76,1,222
2,76,6,111
2,76,11,88
2,76,16,222
2,76,21,120
2,76,27,106
2,76,34,205
2,76,41,89
2,76,48,153
2,77,1,33
2,77,4,45
2,77,8,39
2,77,13,52
2,77,19,23
2,77,26,83
2,77,34,36
2,77,43,97
2,77,53,126
2,78,1,33
2,78,1,45
2,78,1,39
2,78,1,52
2,78,4,45
2,78,8,39
2,78,13,52
2,78,19,23
2,78,26,83
2,78,34,36
2,78,40,31
2,78,47,97
2,78,61,126
2,79,1,174
2,79,1,33
2,79,6,45
2,79,15,55
2,79,20,93
2,79,29,50
2,79,34,29
2,79,43,133
2,79,48,94
2,80,1,174
2,80,1,33
2,80,1,45
2,80,1,55
2,80,6,45
2,80,15,55
2,80,20,93
2,80,29,50
2,80,34,29
2,80,37,110
2,80,46,133
2,80,54,94
2,81,1,33
2,81,6,84
2,81,11,48
2,81,16,49
2,81,21,86
2,81,27,199
2,81,33,129
2,81,39,103
2,81,45,192
2,82,1,33
2,82,1,84
2,82,1,48
2,82,1,49
2,82,6,84
2,82,11,48
2,82,16,49
2,82,21,86
2,82,27,199
2,82,35,161
2,82,43,103
2,82,53,192
2,83,1,64
2,83,7,28
2,83,13,43
2,83,19,31
2,83,25,14
2,83,31,97
2,83,37,163
2,83,44,206
2,84,1,64
2,84,1,45
2,84,9,228
2,84,13,31
2,84,21,161
2,84,25,99
2,84,33,65
2,84,37,97
2,85,1,64
2,85,1,45
2,85,1,228
2,85,1,31
2,85,9,228
2,85,13,31
2,85,21,161
2,85,25,99
2,85,38,65
2,85,47,97
2,86,1,29
2,86,5,45
2,86,16,62
2,86,21,156
2,86,32,36
2,86,37,58
2,86,48,219
2,87,1,29
2,87,1,45
2,87,1,62
2,87,5,45
2,87,16,62
2,87,21,156
2,87,32,36
2,87,43,58
2,87,60,219
2,88,1,139
2,88,1,1
2,88,5,106
2,88,10,50
2,88,16,124
2,88,23,107
2,88,31,103
2,88,40,151
2,88,50,188
2,89,1,139
2,89,1,1
2,89,1,106
2,89,33,106
2,89,37,50
2,89,45,124
2,89,23,107
2,89,31,103
2,89,45,151
2,89,60,188
2,90,1,33
2,90,1,110
2,90,9,48
2,90,17,62
2,90,25,182
2,90,33,43
2,90,41,128
2,90,49,58
2,91,1,110
2,91,1,48
2,91,1,62
2,91,1,182
2,91,33,191
2,91,41,131
2,92,1,95
2,92,1,122
2,92,8,180
2,92,13,212
2,92,16,174
2,92,21,101
2,92,28,109
2,92,33,138
2,92,36,194
2,93,1,95
2,93,1,122
2,93,1,180
2,93,8,180
2,93,13,212
2,93,16,174
2,93,21,101
2,93,31,109
2,93,39,138
2,93,48,194
2,94,1,95
2,94,1,122
2,94,1,180
2,94,8,180
2,94,13,212
2,94,16,174
2,94,21,101
2,94,31,109
2,94,39,138
2,94,48,194
2,95,1,33
2,95,1,103
2,95,10,20
2,95,14,88
2,95,23,106
2,95,27,99
2,95,36,201
2,95,40,21
2,96,1,1
2,96,1,95
2,96,10,50
2,96,18,93
2,96,25,29
2,96,31,139
2,96,36,96
2,96,40,94
2,96,43,244
2,96,45,248
2,97,1,1
2,97,1,95
2,97,1,50
2,97,1,93
2,97,10,50
2,97,18,93
2,97,25,29
2,97,33,139
2,97,40,96
2,97,49,94
2,97,55,244
2,97,60,248
2,98,1,145
2,98,5,43
2,98,12,11
2,98,16,106
2,98,23,23
2,98,27,12
2,98,34,182
2,98,41,152
2,99,1,145
2,99,1,43
2,99,1,11
2,99,5,43
2,99,12,11
2,99,16,106
2,99,23,23
2,99,27,12
2,99,38,182
2,99,49,152
2,100,1,33
2,100,9,103
2,100,17,49
2,100,23,120
2,100,29,205
2,100,33,113
2,100,37,129
2,100,39,153
2,100,41,243
2,101,1,33
2,101,1,103
2,101,1,49
2,101,1,120
2,101,9,103
2,101,17,49
2,101,23,120
2,101,29,205
2,101,34,113
2,101,40,129
2,101,44,153
2,101,48,243
2,102,1,140
2,102,1,95
2,102,7,115
2,102,13,73
2,102,19,93
2,102,25,78
2,102,31,77
2,102,37,79
2,102,43,76
2,103,1,140
2,103,1,95
2,103,1,93
2,103,19,23
2,103,31,121
2,104,1,45
2,104,5,39
2,104,9,125
2,104,13,29
2,104,17,43
2,104,21,116
2,104,25,155
2,104,29,99
2,104,33,206
2,104,37,37
2,104,41,198
2,105,1,45
2,105,1,39
2,105,1,125
2,105,1,29
2,105,5,39
2,105,9,125
2,105,13,29
2,105,17,43
2,105,21,116
2,105,25,155
2,105,32,99
2,105,39,206
2,105,46,37
2,105,53,198
2,106,1,24
2,106,6,96
2,106,11,27
2,106,16,26
2,106,21,116
2,106,26,136
2,106,31,170
2,106,36,193
2,106,41,203
2,106,46,25
2,106,51,179
2,107,1,4
2,107,7,97
2,107,13,228
2,107,26,9
2,107,26,8
2,107,26,7
2,107,32,183
2,107,38,5
2,107,44,197
2,107,50,68
2,108,1,122
2,108,7,48
2,108,13,111
2,108,19,23
2,108,25,35
2,108,31,50
2,108,37,21
2,108,43,103
2,109,1,139
2,109,1,33
2,109,9,123
2,109,17,120
2,109,21,124
2,109,25,108
2,109,33,114
2,109,41,153
2,109,45,194
2,110,1,139
2,110,1,33
2,110,1,123
2,110,1,120
2,110,9,123
2,110,17,120
2,110,21,124
2,110,25,108
2,110,33,114
2,110,44,153
2,110,51,194
2,111,1,30
2,111,1,39
2,111,13,23
2,111,19,31
2,111,31,184
2,111,37,32
2,111,49,36
2,111,55,89
2,112,1,30
2,112,1,39
2,112,1,23
2,112,1,31
2,112,13,23
2,112,19,31
2,112,31,184
2,112,37,32
2,112,54,36
2,112,65,89
2,113,1,1
2,113,5,45
2,113,9,39
2,113,13,135
2,113,17,3
2,113,23,107
2,113,29,47
2,113,35,121
2,113,41,111
2,113,49,113
2,113,57,38
2,114,1,132
2,114,4,79
2,114,10,71
2,114,13,77
2,114,19,22
2,114,25,20
2,114,31,72
2,114,34,78
2,114,40,21
2,114,46,74
2,115,1,4
2,115,7,43
2,115,13,44
2,115,19,39
2,115,25,5
2,115,31,99
2,115,37,203
2,115,43,146
2,115,49,179
2,116,1,145
2,116,8,108
2,116,15,43
2,116,22,55
2,116,29,239
2,116,36,97
2,116,43,56
2,117,1,145
2,117,1,108
2,117,1,43
2,117,1,55
2,117,8,108
2,117,15,43
2,117,22,55
2,117,29,239
2,117,40,97
2,117,51,56
2,118,1,64
2,118,1,39
2,118,10,48
2,118,15,30
2,118,24,175
2,118,29,31
2,118,38,127
2,118,43,32
2,118,52,97
2,119,1,64
2,119,1,39
2,119,1,39
2,119,10,48
2,119,15,30
2,119,24,175
2,119,29,31
2,119,41,127
2,119,49,32
2,119,61,97
2,120,1,33
2,120,1,106
2,120,7,55
2,120,13,229
2,120,19,105
2,120,25,129
2,120,31,61
2,120,37,107
2,120,43,113
2,120,50,56
2,121,1,33
2,121,1,229
2,121,1,105
2,121,1,61
2,121,37,109
2,122,1,112
2,122,6,93
2,122,11,164
2,122,16,96
2,122,21,3
2,122,26,113
2,122,26,115
2,122,31,227
2,122,36,60
2,122,41,226
2,122,46,219
2,123,1,98
2,123,1,43
2,123,6,116
2,123,12,228
2,123,18,206
2,123,24,97
2,123,30,17
2,123,36,163
2,123,42,14
2,123,48,104
2,124,1,1
2,124,1,122
2,124,1,142
2,124,1,181
2,124,9,142
2,124,13,181
2,124,21,3
2,124,25,8
2,124,35,212
2,124,41,34
2,124,51,195
2,124,57,59
2,125,1,98
2,125,1,43
2,125,1,9
2,125,9,9
2,125,17,113
2,125,25,129
2,125,36,103
2,125,47,85
2,125,58,87
2,126,1,52
2,126,1,43
2,126,1,123
2,126,1,7
2,126,7,43
2,126,13,123
2,126,19,7
2,126,25,108
2,126,33,241
2,126,41,53
2,126,49,109
2,126,57,126
2,127,1,11
2,127,7,116
2,127,13,20
2,127,19,69
2,127,25,106
2,127,31,12
2,127,37,66
2,127,43,14
2,128,1,33
2,128,4,39
2,128,8,99
2,128,13,30
2,128,19,184
2,128,26,228
2,128,34,156
2,128,43,37
2,128,53,36
2,129,1,150
2,129,15,33
2,129,30,175
2,130,1,37
2,130,20,44
2,130,25,82
2,130,30,43
2,130,35,239
2,130,40,56
2,130,45,240
2,130,50,63
2,131,1,55
2,131,1,45
2,131,1,47
2,131,8,54
2,131,15,34
2,131,22,109
2,131,29,195
2,131,36,58
2,131,43,240
2,131,50,219
2,131,57,56
2,132,1,144
2,133,1,33
2,133,1,39
2,133,8,28
2,133,16,45
2,133,23,98
2,133,30,44
2,133,36,226
2,133,42,36
2,134,1,33
2,134,1,39
2,134,8,28
2,134,16,55
2,134,23,98
2,134,30,44
2,134,36,62
2,134,42,114
2,134,47,151
2,134,52,56
2,135,1,33
2,135,1,39
2,135,8,28
2,135,16,84
2,135,23,98
2,135,30,24
2,135,36,42
2,135,42,86
2,135,47,97
2,135,52,87
2,136,1,33
2,136,1,39
2,136,8,28
2,136,16,52
2,136,23,98
2,136,30,44
2,136,36,83
2,136,42,123
2,136,47,43
2,136,52,53
2,137,1,176
2,137,1,33
2,137,1,160
2,137,9,97
2,137,12,60
2,137,20,105
2,137,24,159
2,137,32,199
2,137,36,161
2,137,44,192
2,138,1,132
2,138,1,110
2,138,13,44
2,138,19,55
2,138,31,43
2,138,37,182
2,138,49,246
2,138,55,56
2,139,1,132
2,139,1,110
2,139,1,44
2,139,13,44
2,139,19,55
2,139,31,43
2,139,37,182
2,139,40,131
2,139,54,246
2,139,65,56
2,140,1,10
2,140,1,106
2,140,10,71
2,140,19,43
2,140,28,28
2,140,37,203
2,140,46,72
2,140,55,246
2,141,1,10
2,141,1,106
2,141,1,71
2,141,10,71
2,141,19,43
2,141,28,28
2,141,37,203
2,141,40,163
2,141,51,72
2,141,65,246
2,142,1,17
2,142,8,97
2,142,15,44
2,142,22,48
2,142,29,246
2,142,36,184
2,142,43,36
2,142,50,63
2,143,1,33
2,143,8,133
2,143,15,111
2,143,22,187
2,143,29,29
2,143,36,173
2,143,36,156
2,143,43,34
2,143,50,205
2,143,57,63
2,144,1,16
2,144,1,181
2,144,13,54
2,144,25,97
2,144,37,170
2,144,49,58
2,144,61,115
2,144,73,59
2,145,1,64
2,145,1,84
2,145,13,86
2,145,25,97
2,145,37,197
2,145,49,65
2,145,61,113
2,145,73,87
2,146,1,17
2,146,1,52
2,146,13,83
2,146,25,97
2,146,37,203
2,146,49,53
2,146,61,219
2,146,73,143
2,147,1,35
2,147,1,43
2,147,8,86
2,147,15,239
2,147,22,82
2,147,29,21
2,147,36,97
2,147,43,219
2,147,50,200
2,147,57,63
2,148,1,35
2,148,1,43
2,148,1,86
2,148,1,239
2,148,8,86
2,148,15,239
2,148,22,82
2,148,29,21
2,148,38,97
2,148,47,219
2,148,56,200
2,148,65,63
2,149,1,35
2,149,1,43
2,149,1,86
2,149,1,239
2,149,8,86
2,149,15,239
2,149,22,82
2,149,29,21
2,149,38,97
2,149,47,219
2,149,55,17
2,149,61,200
2,149,75,63
2,150,1,93
2,150,1,50
2,150,11,112
2,150,22,129
2,150,33,244
2,150,44,248
2,150,55,54
2,150,66,94
2,150,77,133
2,150,88,105
2,150,99,219
2,151,1,1
2,151,10,144
2,151,20,5
2,151,30,118
2,151,40,94
2,151,50,246
2,152,1,33
2,152,1,45
2,152,8,75
2,152,12,115
2,152,15,77
2,152,22,235
2,152,29,34
2,152,36,113
2,152,43,219
2,152,50,76
2,153,1,33
2,153,1,45
2,153,1,75
2,153,1,115
2,153,8,75
2,153,12,115
2,153,15,77
2,153,23,235
2,153,31,34
2,153,39,113
2,153,47,219
2,153,55,76
2,154,1,33
2,154,1,45
2,154,1,75
2,154,1,115
2,154,8,75
2,154,12,115
2,154,15,77
2,154,23,235
2,154,31,34
2,154,41,113
2,154,51,219
2,154,61,76
2,155,1,33
2,155,1,43
2,155,6,108
2,155,12,52
2,155,19,98
2,155,27,172
2,155,36,129
2,155,46,53
2,156,1,33
2,156,1,43
2,156,1,108
2,156,6,108
2,156,12,52
2,156,21,98
2,156,31,172
2,156,42,129
2,156,54,53
2,157,1,33
2,157,1,43
2,157,1,108
2,157,1,52
2,157,6,108
2,157,12,52
2,157,21,98
2,157,31,172
2,157,45,129
2,157,60,53
2,158,1,10
2,158,1,43
2,158,7,99
2,158,13,55
2,158,20,44
2,158,27,184
2,158,35,163
2,158,43,103
2,158,52,56
2,159,1,10
2,159,1,43
2,159,1,99
2,159,7,99
2,159,13,55
2,159,21,44
2,159,28,184
2,159,37,163
2,159,45,103
2,159,55,56
2,160,1,10
2,160,1,43
2,160,1,99
2,160,1,55
2,160,7,99
2,160,13,55
2,160,21,44
2,160,28,184
2,160,38,163
2,160,47,103
2,160,58,56
2,161,1,33
2,161,5,111
2,161,11,98
2,161,17,154
2,161,25,21
2,161,33,156
2,161,41,133
2,162,1,10
2,162,1,111
2,162,1,98
2,162,5,111
2,162,11,98
2,162,18,154
2,162,28,21
2,162,38,156
2,162,48,133
2,163,1,33
2,163,1,45
2,163,6,193
2,163,11,64
2,163,16,95
2,163,22,115
2,163,28,36
2,163,34,93
2,163,48,138
2,164,1,33
2,164,1,45
2,164,1,193
2,164,1,64
2,164,6,193
2,164,11,64
2,164,16,95
2,164,25,115
2,164,33,36
2,164,41,93
2,164,57,138
2,165,1,33
2,165,8,48
2,165,15,4
2,165,22,113
2,165,22,115
2,165,22,219
2,165,29,226
2,165,36,129
2,165,43,97
2,165,50,38
2,166,1,33
2,166,1,48
2,166,8,48
2,166,15,4
2,166,24,113
2,166,24,115
2,166,24,219
2,166,33,226
2,166,42,129
2,166,51,97
2,166,60,38
2,167,1,40
2,167,1,81
2,167,6,184
2,167,11,132
2,167,17,101
2,167,23,141
2,167,30,154
2,167,37,169
2,167,45,97
2,167,53,94
2,168,1,40
2,168,1,81
2,168,1,184
2,168,1,132
2,168,6,184
2,168,11,132
2,168,17,101
2,168,25,141
2,168,34,154
2,168,43,169
2,168,53,97
2,168,63,94
2,169,1,103
2,169,1,141
2,169,1,48
2,169,6,48
2,169,12,44
2,169,19,109
2,169,30,17
2,169,42,212
2,169,55,114
2,170,1,145
2,170,1,86
2,170,5,48
2,170,13,175
2,170,17,55
2,170,25,209
2,170,29,109
2,170,37,36
2,170,41,56
2,171,1,145
2,171,1,86
2,171,1,48
2,171,5,48
2,171,13,175
2,171,17,55
2,171,25,209
2,171,33,109
2,171,45,36
2,171,53,56
2,172,1,84
2,172,1,204
2,172,6,39
2,172,8,86
2,172,11,186
2,173,1,1
2,173,1,204
2,173,4,227
2,173,8,47
2,173,13,186
2,174,1,47
2,174,1,204
2,174,4,111
2,174,9,1
2,174,14,186
2,175,1,45
2,175,1,204
2,175,7,118
2,175,18,186
2,175,25,227
2,175,31,219
2,175,38,38
2,176,1,45
2,176,1,204
2,176,7,118
2,176,18,186
2,176,25,227
2,176,31,219
2,176,38,38
2,177,1,64
2,177,1,43
2,177,10,101
2,177,20,100
2,177,30,248
2,177,40,109
2,177,50,94
2,178,1,64
2,178,1,43
2,178,1,101
2,178,10,101
2,178,20,100
2,178,35,248
2,178,50,109
2,178,65,94
2,179,1,33
2,179,1,45
2,179,9,84
2,179,16,86
2,179,23,178
2,179,30,113
2,179,37,87
2,180,1,33
2,180,1,45
2,180,1,84
2,180,9,84
2,180,18,86
2,180,27,178
2,180,36,113
2,180,45,87
2,181,1,33
2,181,1,45
2,181,1,84
2,181,1,86
2,181,9,84
2,181,18,86
2,181,27,178
2,181,30,9
2,181,42,113
2,181,57,87
2,182,1,71
2,182,1,230
2,182,1,78
2,182,1,80
2,182,55,76
2,183,1,33
2,183,3,111
2,183,6,39
2,183,10,55
2,183,15,205
2,183,21,61
2,183,28,38
2,183,36,240
2,184,1,33
2,184,1,111
2,184,1,39
2,184,1,55
2,184,3,111
2,184,6,39
2,184,10,55
2,184,15,205
2,184,25,61
2,184,36,38
2,184,48,240
2,185,1,88
2,185,1,102
2,185,10,175
2,185,19,67
2,185,28,157
2,185,37,185
2,185,46,21
2,186,1,55
2,186,1,95
2,186,1,3
2,186,1,195
2,186,35,195
2,186,51,207
2,187,1,150
2,187,5,235
2,187,5,39
2,187,10,33
2,187,13,77
2,187,15,78
2,187,17,79
2,187,20,73
2,187,25,178
2,187,30,72
2,188,1,150
2,188,1,235
2,188,1,39
2,188,1,33
2,188,5,235
2,188,5,39
2,188,10,33
2,188,13,77
2,188,15,78
2,188,17,79
2,188,22,73
2,188,29,178
2,188,36,72
2,189,1,150
2,189,1,235
2,189,1,39
2,189,1,33
2,189,5,235
2,189,5,39
2,189,10,33
2,189,13,77
2,189,15,78
2,189,17,79
2,189,22,73
2,189,33,178
2,189,44,72
2,190,1,10
2,190,1,39
2,190,6,28
2,190,12,226
2,190,19,154
2,190,27,129
2,190,36,103
2,190,46,97
2,191,1,71
2,191,4,74
2,191,10,72
2,191,19,241
2,191,31,235
2,191,46,202
2,192,1,71
2,192,1,1
2,192,4,74
2,192,10,75
2,192,19,241
2,192,31,80
2,192,46,76
2,193,1,33
2,193,1,193
2,193,7,98
2,193,13,104
2,193,19,49
2,193,25,197
2,193,31,48
2,193,37,17
2,193,43,103
2,194,1,55
2,194,1,39
2,194,11,21
2,194,21,133
2,194,31,89
2,194,41,240
2,194,51,54
2,194,51,114
2,195,1,55
2,195,1,39
2,195,11,21
2,195,23,133
2,195,35,89
2,195,47,240
2,195,59,54
2,195,59,114
2,196,1,33
2,196,1,39
2,196,8,28
2,196,16,93
2,196,23,98
2,196,30,129
2,196,36,60
2,196,42,244
2,196,47,94
2,196,52,234
2,197,1,33
2,197,1,39
2,197,8,28
2,197,16,228
2,197,23,98
2,197,30,109
2,197,36,185
2,197,42,212
2,197,47,103
2,197,52,236
2,198,1,64
2,198,11,228
2,198,16,114
2,198,26,101
2,198,31,185
2,198,41,212
2,199,1,174
2,199,1,33
2,199,6,45
2,199,15,55
2,199,20,93
2,199,29,50
2,199,34,29
2,199,43,207
2,199,48,94
2,200,1,45
2,200,1,149
2,200,6,180
2,200,12,109
2,200,19,212
2,200,27,60
2,200,36,220
2,200,46,195
2,201,1,237
2,202,1,68
2,202,1,243
2,202,1,219
2,202,1,194
2,203,1,33
2,203,1,45
2,203,1,93
2,203,1,23
2,203,7,93
2,203,13,23
2,203,20,97
2,203,30,226
2,203,41,60
2,203,54,242
2,204,1,33
2,204,1,182
2,204,8,120
2,204,15,36
2,204,22,229
2,204,29,117
2,204,36,153
2,204,43,191
2,204,50,38
2,205,1,33
2,205,1,182
2,205,1,120
2,205,8,120
2,205,15,36
2,205,22,229
2,205,29,117
2,205,39,153
2,205,49,191
2,205,59,38
2,206,1,99
2,206,5,111
2,206,13,137
2,206,18,180
2,206,26,228
2,206,30,103
2,206,38,36
2,207,1,40
2,207,6,28
2,207,13,106
2,207,20,98
2,207,28,185
2,207,36,163
2,207,44,103
2,207,52,12
2,208,1,33
2,208,1,103
2,208,10,20
2,208,14,88
2,208,23,106
2,208,27,99
2,208,36,201
2,208,40,21
2,208,49,242
2,209,1,33
2,209,1,184
2,209,4,39
2,209,8,204
2,209,13,44
2,209,19,122
2,209,26,46
2,209,34,99
2,209,43,36
2,210,1,33
2,210,1,184
2,210,4,39
2,210,8,204
2,210,13,44
2,210,19,122
2,210,28,46
2,210,38,99
2,210,51,36
2,211,1,191
2,211,1,33
2,211,1,40
2,211,10,106
2,211,10,107
2,211,19,55
2,211,28,42
2,211,37,36
2,211,46,56
2,212,1,98
2,212,1,43
2,212,6,116
2,212,12,228
2,212,18,206
2,212,24,97
2,212,30,232
2,212,36,163
2,212,42,14
2,212,48,104
2,213,1,132
2,213,1,110
2,213,9,35
2,213,14,227
2,213,23,219
2,213,28,117
2,213,37,156
2,214,1,33
2,214,1,43
2,214,6,30
2,214,12,203
2,214,19,31
2,214,27,68
2,214,35,36
2,214,44,179
2,214,54,224
2,215,1,10
2,215,1,43
2,215,9,98
2,215,17,103
2,215,25,185
2,215,33,154
2,215,41,97
2,215,49,163
2,215,57,251
2,215,65,232
2,216,1,10
2,216,1,43
2,216,8,122
2,216,15,154
2,216,22,185
2,216,29,156
2,216,36,163
2,216,43,173
2,216,50,37
2,217,1,10
2,217,1,43
2,217,1,122
2,217,1,154
2,217,8,122
2,217,15,154
2,217,22,185
2,217,29,156
2,217,39,163
2,217,49,173
2,217,59,37
2,218,1,123
2,218,8,52
2,218,15,88
2,218,22,106
2,218,29,133
2,218,36,53
2,218,43,157
2,218,50,34
2,219,1,123
2,219,1,52
2,219,1,88
2,219,8,52
2,219,15,88
2,219,22,106
2,219,29,133
2,219,36,53
2,219,48,157
2,219,60,34
2,220,1,33
2,220,10,181
2,220,19,203
2,220,28,36
2,220,37,54
2,220,46,59
2,220,55,133
2,221,1,30
2,221,1,181
2,221,1,203
2,221,10,181
2,221,19,203
2,221,28,36
2,221,33,31
2,221,42,54
2,221,56,59
2,221,70,133
2,222,1,33
2,222,7,106
2,222,13,145
2,222,19,105
2,222,25,61
2,222,31,131
2,222,37,243
2,222,43,246
2,223,1,55
2,223,11,199
2,223,22,60
2,223,22,62
2,223,22,61
2,223,33,116
2,223,44,58
2,223,55,63
2,224,1,55
2,224,11,132
2,224,22,60
2,224,22,62
2,224,22,61
2,224,25,190
2,224,38,116
2,224,54,58
2,224,70,63
2,225,1,217
2,226,1,33
2,226,1,145
2,226,10,48
2,226,18,61
2,226,25,36
2,226,32,97
2,226,40,17
2,226,49,109
2,227,1,43
2,227,1,64
2,227,13,28
2,227,19,129
2,227,25,97
2,227,37,31
2,227,49,211
2,228,1,43
2,228,1,52
2,228,7,46
2,228,13,123
2,228,20,44
2,228,27,185
2,228,35,53
2,228,43,242
2,229,1,43
2,229,1,52
2,229,7,46
2,229,13,123
2,229,20,44
2,229,30,185
2,229,41,53
2,229,52,242
2,230,1,145
2,230,1,108
2,230,1,43
2,230,1,55
2,230,8,108
2,230,15,43
2,230,22,55
2,230,29,239
2,230,40,97
2,230,51,56
2,231,1,33
2,231,1,45
2,231,9,111
2,231,17,175
2,231,25,36
2,231,33,205
2,231,41,203
2,231,49,38
2,232,1,30
2,232,1,45
2,232,9,111
2,232,17,175
2,232,25,31
2,232,33,205
2,232,41,229
2,232,49,89
2,233,1,176
2,233,1,33
2,233,1,160
2,233,9,97
2,233,12,60
2,233,20,105
2,233,24,111
2,233,32,199
2,233,36,161
2,233,44,192
2,234,1,33
2,234,8,43
2,234,15,95
2,234,23,23
2,234,31,28
2,234,40,36
2,234,49,109
2,235,1,166
2,235,11,166
2,235,21,166
2,235,31,166
2,235,41,166
2,235,51,166
2,235,61,166
2,235,71,166
2,235,81,166
2,235,91,166
2,236,1,33
2,237,1,27
2,237,7,116
2,237,13,228
2,237,19,98
2,237,25,229
2,237,31,68
2,237,37,97
2,237,43,197
2,237,49,167
2,238,1,1
2,238,1,122
2,238,9,186
2,238,13,181
2,238,21,93
2,238,25,47
2,238,33,212
2,238,37,94
2,238,45,195
2,238,49,59
2,239,1,98
2,239,1,43
2,239,9,9
2,239,17,113
2,239,25,129
2,239,33,103
2,239,41,85
2,239,49,87
2,240,1,52
2,240,7,43
2,240,13,123
2,240,19,7
2,240,25,108
2,240,31,241
2,240,37,53
2,240,43,109
2,240,49,126
2,241,1,33
2,241,4,45
2,241,8,111
2,241,13,23
2,241,19,208
2,241,26,117
2,241,34,205
2,241,43,34
2,241,53,215
2,242,1,1
2,242,4,45
2,242,7,39
2,242,10,135
2,242,13,3
2,242,18,107
2,242,23,47
2,242,28,121
2,242,33,111
2,242,40,113
2,242,47,38
2,243,1,44
2,243,1,43
2,243,11,84
2,243,21,46
2,243,31,98
2,243,41,209
2,243,51,115
2,243,61,242
2,243,71,87
2,244,1,44
2,244,1,43
2,244,11,52
2,244,21,46
2,244,31,83
2,244,41,23
2,244,51,53
2,244,61,207
2,244,71,126
2,245,1,44
2,245,1,43
2,245,11,61
2,245,21,240
2,245,31,16
2,245,41,62
2,245,51,54
2,245,61,243
2,245,71,56
2,246,1,44
2,246,1,43
2,246,8,201
2,246,15,103
2,246,22,157
2,246,29,37
2,246,36,184
2,246,43,242
2,246,50,89
2,246,57,63
2,247,1,44
2,247,1,43
2,247,1,201
2,247,1,103
2,247,8,201
2,247,15,103
2,247,22,157
2,247,29,37
2,247,38,184
2,247,47,242
2,247,56,89
2,247,65,63
2,248,1,44
2,248,1,43
2,248,1,201
2,248,1,103
2,248,8,201
2,248,15,103
2,248,22,157
2,248,29,37
2,248,38,184
2,248,47,242
2,248,61,89
2,248,75,63
2,249,1,177
2,249,11,219
2,249,22,16
2,249,33,105
2,249,44,56
2,249,55,240
2,249,66,129
2,249,77,18
2,249,88,246
2,249,99,248
2,250,1,221
2,250,11,219
2,250,22,16
2,250,33,105
2,250,44,126
2,250,55,241
2,250,66,129
2,250,77,18
2,250,88,246
2,250,99,248
2,251,1,73
2,251,1,93
2,251,1,105
2,251,1,215
2,251,10,219
2,251,20,246
2,251,30,248
2,251,40,226
2,251,50,195
