gen,dex,number
1,1,3
1,1,6
1,1,8
1,1,9
1,1,10
1,1,20
1,1,21
1,1,22
1,1,31
1,1,32
1,1,33
1,1,34
1,1,44
1,1,50
1,1,51
1,2,3
1,2,6
1,2,8
1,2,9
1,2,10
1,2,20
1,2,21
1,2,22
1,2,31
1,2,32
1,2,33
1,2,34
1,2,44
1,2,50
1,2,51
1,3,3
1,3,6
1,3,8
1,3,9
1,3,10
1,3,15
1,3,20
1,3,21
1,3,22
1,3,31
1,3,32
1,3,33
1,3,34
1,3,44
1,3,50
1,3,51
1,4,1
1,4,3
1,4,5
1,4,6
1,4,8
1,4,9
1,4,10
1,4,17
1,4,18
1,4,19
1,4,20
1,4,23
1,4,28
1,4,31
1,4,32
1,4,33
1,4,34
1,4,38
1,4,39
1,4,40
1,4,44
1,4,50
1,4,51
1,4,54
1,5,1
1,5,3
1,5,5
1,5,6
1,5,8
1,5,9
1,5,10
1,5,17
1,5,18
1,5,19
1,5,20
1,5,23
1,5,28
1,5,31
1,5,32
1,5,33
1,5,34
1,5,38
1,5,39
1,5,40
1,5,44
1,5,50
1,5,51
1,5,54
1,6,1
1,6,3
1,6,5
1,6,6
1,6,8
1,6,9
1,6,10
1,6,15
1,6,17
1,6,18
1,6,19
1,6,20
1,6,23
1,6,26
1,6,27
1,6,28
1,6,31
1,6,32
1,6,33
1,6,34
1,6,38
1,6,39
1,6,40
1,6,44
1,6,50
1,6,51
1,6,54
1,7,1
1,7,5
1,7,6
1,7,8
1,7,9
1,7,10
1,7,11
1,7,12
1,7,13
1,7,14
1,7,17
1,7,18
1,7,19
1,7,20
1,7,28
1,7,31
1,7,32
1,7,33
1,7,34
1,7,40
1,7,44
1,7,50
1,7,53
1,7,54
1,8,1
1,8,5
1,8,6
1,8,8
1,8,9
1,8,10
1,8,11
1,8,12
1,8,13
1,8,14
1,8,17
1,8,18
1,8,19
1,8,20
1,8,28
1,8,31
1,8,32
1,8,33
1,8,34
1,8,40
1,8,44
1,8,50
1,8,53
1,8,54
1,9,1
1,9,5
1,9,6
1,9,8
1,9,9
1,9,10
1,9,11
1,9,12
1,9,13
1,9,14
1,9,15
1,9,17
1,9,18
1,9,19
1,9,20
1,9,26
1,9,27
1,9,28
1,9,31
1,9,32
1,9,33
1,9,34
1,9,40
1,9,44
1,9,50
1,9,53
1,9,54
1,12,2
1,12,4
1,12,6
1,12,9
1,12,10
1,12,15
1,12,20
1,12,21
1,12,22
1,12,29
1,12,30
1,12,31
1,12,32
1,12,33
1,12,34
1,12,39
1,12,44
1,12,46
1,12,50
1,15,3
1,15,6
1,15,9
1,15,10
1,15,15
1,15,20
1,15,21
1,15,31
1,15,32
1,15,33
1,15,34
1,15,39
1,15,40
1,15,44
1,15,50
1,15,51
1,16,2
1,16,4
1,16,6
1,16,9
1,16,10
1,16,20
1,16,31
1,16,32
1,16,33
1,16,34
1,16,39
1,16,43
1,16,44
1,16,50
1,16,52
1,17,2
1,17,4
1,17,6
1,17,9
1,17,10
1,17,20
1,17,31
1,17,32
1,17,33
1,17,34
1,17,39
1,17,43
1,17,44
1,17,50
1,17,52
1,18,2
1,18,4
1,18,6
1,18,9
1,18,10
1,18,15
1,18,20
1,18,31
1,18,32
1,18,33
1,18,34
1,18,39
1,18,43
1,18,44
1,18,50
1,18,52
1,19,6
1,19,8
1,19,9
1,19,10
1,19,11
1,19,12
1,19,14
1,19,20
1,19,24
1,19,25
1,19,28
1,19,31
1,19,32
1,19,34
1,19,39
1,19,40
1,19,44
1,19,50
1,20,6
1,20,8
1,20,9
1,20,10
1,20,11
1,20,12
1,20,13
1,20,14
1,20,15
1,20,20
1,20,24
1,20,25
1,20,28
1,20,31
1,20,32
1,20,34
1,20,39
1,20,40
1,20,44
1,20,50
1,21,2
1,21,4
1,21,6
1,21,9
1,21,10
1,21,20
1,21,31
1,21,32
1,21,34
1,21,39
1,21,43
1,21,44
1,21,50
1,21,52
1,22,2
1,22,4
1,22,6
1,22,9
1,22,10
1,22,15
1,22,20
1,22,31
1,22,32
1,22,34
1,22,39
1,22,43
1,22,44
1,22,50
1,22,52
1,23,6
1,23,8
1,23,9
1,23,10
1,23,20
1,23,21
1,23,26
1,23,27
1,23,28
1,23,31
1,23,32
1,23,34
1,23,40
1,23,44
1,23,48
1,23,50
1,23,54
1,24,6
1,24,8
1,24,9
1,24,10
1,24,15
1,24,20
1,24,21
1,24,26
1,24,27
1,24,28
1,24,31
1,24,32
1,24,34
1,24,40
1,24,44
1,24,48
1,24,50
1,24,54
1,25,1
1,25,5
1,25,6
1,25,8
1,25,9
1,25,10
1,25,16
1,25,17
1,25,19
1,25,20
1,25,24
1,25,25
1,25,31
1,25,32
1,25,33
1,25,34
1,25,39
1,25,40
1,25,44
1,25,45
1,25,50
1,25,55
1,26,1
1,26,5
1,26,6
1,26,8
1,26,9
1,26,10
1,26,15
1,26,16
1,26,17
1,26,19
1,26,20
1,26,24
1,26,25
1,26,31
1,26,32
1,26,33
1,26,34
1,26,39
1,26,40
1,26,44
1,26,45
1,26,50
1,26,55
1,27,3
1,27,6
1,27,8
1,27,9
1,27,10
1,27,17
1,27,19
1,27,20
1,27,26
1,27,27
1,27,28
1,27,31
1,27,32
1,27,34
1,27,39
1,27,40
1,27,44
1,27,48
1,27,50
1,27,51
1,27,54
1,28,3
1,28,6
1,28,8
1,28,9
1,28,10
1,28,15
1,28,17
1,28,19
1,28,20
1,28,26
1,28,27
1,28,28
1,28,31
1,28,32
1,28,34
1,28,39
1,28,40
1,28,44
1,28,48
1,28,50
1,28,51
1,28,54
1,29,6
1,29,8
1,29,9
1,29,10
1,29,14
1,29,20
1,29,24
1,29,25
1,29,31
1,29,32
1,29,33
1,29,34
1,29,40
1,29,44
1,29,50
1,30,6
1,30,7
1,30,8
1,30,9
1,30,10
1,30,11
1,30,12
1,30,13
1,30,14
1,30,20
1,30,24
1,30,25
1,30,31
1,30,32
1,30,33
1,30,34
1,30,40
1,30,44
1,30,50
1,31,1
1,31,5
1,31,6
1,31,7
1,31,8
1,31,9
1,31,10
1,31,11
1,31,12
1,31,13
1,31,14
1,31,15
1,31,16
1,31,17
1,31,18
1,31,19
1,31,20
1,31,24
1,31,25
1,31,26
1,31,27
1,31,31
1,31,32
1,31,33
1,31,34
1,31,38
1,31,40
1,31,44
1,31,48
1,31,50
1,31,53
1,31,54
1,32,6
1,32,7
1,32,8
1,32,9
1,32,10
1,32,14
1,32,20
1,32,24
1,32,25
1,32,31
1,32,32
1,32,33
1,32,34
1,32,40
1,32,44
1,32,50
1,33,6
1,33,7
1,33,8
1,33,9
1,33,10
1,33,11
1,33,12
1,33,13
1,33,14
1,33,20
1,33,24
1,33,25
1,33,31
1,33,32
1,33,33
1,33,34
1,33,40
1,33,44
1,33,50
1,34,1
1,34,5
1,34,6
1,34,7
1,34,8
1,34,9
1,34,10
1,34,11
1,34,12
1,34,13
1,34,14
1,34,15
1,34,16
1,34,17
1,34,18
1,34,19
1,34,20
1,34,24
1,34,25
1,34,26
1,34,27
1,34,31
1,34,32
1,34,33
1,34,34
1,34,38
1,34,40
1,34,44
1,34,48
1,34,50
1,34,53
1,34,54
1,35,1
1,35,5
1,35,6
1,35,8
1,35,9
1,35,10
1,35,11
1,35,12
1,35,13
1,35,14
1,35,17
1,35,18
1,35,19
1,35,20
1,35,22
1,35,24
1,35,25
1,35,29
1,35,30
1,35,31
1,35,32
1,35,33
1,35,34
1,35,35
1,35,38
1,35,40
1,35,44
1,35,45
1,35,46
1,35,49
1,35,50
1,35,54
1,35,55
1,36,1
1,36,5
1,36,6
1,36,8
1,36,9
1,36,10
1,36,11
1,36,12
1,36,13
1,36,14
1,36,15
1,36,17
1,36,18
1,36,19
1,36,20
1,36,22
1,36,24
1,36,25
1,36,29
1,36,30
1,36,31
1,36,32
1,36,33
1,36,34
1,36,35
1,36,38
1,36,40
1,36,44
1,36,45
1,36,46
1,36,49
1,36,50
1,36,54
1,36,55
1,37,6
1,37,8
1,37,9
1,37,10
1,37,20
1,37,28
1,37,31
1,37,32
1,37,33
1,37,34
1,37,38
1,37,39
1,37,40
1,37,44
1,37,50
1,38,6
1,38,8
1,38,9
1,38,10
1,38,15
1,38,20
1,38,28
1,38,31
1,38,32
1,38,33
1,38,34
1,38,38
1,38,39
1,38,40
1,38,44
1,38,50
1,39,1
1,39,5
1,39,6
1,39,8
1,39,9
1,39,10
1,39,11
1,39,12
1,39,13
1,39,14
1,39,17
1,39,18
1,39,19
1,39,20
1,39,22
1,39,24
1,39,25
1,39,29
1,39,30
1,39,31
1,39,32
1,39,33
1,39,34
1,39,38
1,39,40
1,39,44
1,39,45
1,39,46
1,39,49
1,39,50
1,39,54
1,39,55
1,40,1
1,40,5
1,40,6
1,40,8
1,40,9
1,40,10
1,40,11
1,40,12
1,40,13
1,40,14
1,40,15
1,40,17
1,40,18
1,40,19
1,40,20
1,40,22
1,40,24
1,40,25
1,40,29
1,40,30
1,40,31
1,40,32
1,40,33
1,40,34
1,40,38
1,40,40
1,40,44
1,40,45
1,40,46
1,40,49
1,40,50
1,40,54
1,40,55
1,41,2
1,41,4
1,41,6
1,41,9
1,41,10
1,41,20
1,41,21
1,41,31
1,41,32
1,41,34
1,41,39
1,41,44
1,41,50
1,42,2
1,42,4
1,42,6
1,42,9
1,42,10
1,42,15
1,42,20
1,42,21
1,42,31
1,42,32
1,42,34
1,42,39
1,42,44
1,42,50
1,43,3
1,43,6
1,43,9
1,43,10
1,43,20
1,43,21
1,43,22
1,43,31
1,43,32
1,43,33
1,43,34
1,43,44
1,43,50
1,43,51
1,44,3
1,44,6
1,44,9
1,44,10
1,44,20
1,44,21
1,44,22
1,44,31
1,44,32
1,44,33
1,44,34
1,44,44
1,44,50
1,44,51
1,45,3
1,45,6
1,45,8
1,45,9
1,45,10
1,45,15
1,45,20
1,45,21
1,45,22
1,45,31
1,45,32
1,45,33
1,45,34
1,45,44
1,45,50
1,45,51
1,46,3
1,46,6
1,46,8
1,46,9
1,46,10
1,46,20
1,46,21
1,46,22
1,46,28
1,46,31
1,46,32
1,46,33
1,46,34
1,46,40
1,46,44
1,46,50
1,46,51
1,47,3
1,47,6
1,47,8
1,47,9
1,47,10
1,47,15
1,47,20
1,47,21
1,47,22
1,47,28
1,47,31
1,47,32
1,47,33
1,47,34
1,47,40
1,47,44
1,47,50
1,47,51
1,48,6
1,48,9
1,48,10
1,48,20
1,48,21
1,48,22
1,48,29
1,48,31
1,48,32
1,48,33
1,48,34
1,48,44
1,48,46
1,48,50
1,49,2
1,49,4
1,49,6
1,49,9
1,49,10
1,49,15
1,49,20
1,49,21
1,49,22
1,49,29
1,49,30
1,49,31
1,49,32
1,49,33
1,49,34
1,49,39
1,49,44
1,49,46
1,49,50
1,50,6
1,50,8
1,50,9
1,50,10
1,50,20
1,50,26
1,50,27
1,50,28
1,50,31
1,50,32
1,50,34
1,50,44
1,50,48
1,50,50
1,51,6
1,51,8
1,51,9
1,51,10
1,51,15
1,51,20
1,51,26
1,51,27
1,51,28
1,51,31
1,51,32
1,51,34
1,51,44
1,51,48
1,51,50
1,52,6
1,52,8
1,52,9
1,52,10
1,52,11
1,52,12
1,52,16
1,52,20
1,52,24
1,52,25
1,52,31
1,52,32
1,52,34
1,52,39
1,52,40
1,52,44
1,52,50
1,53,6
1,53,8
1,53,9
1,53,10
1,53,11
1,53,12
1,53,15
1,53,16
1,53,20
1,53,24
1,53,25
1,53,31
1,53,32
1,53,34
1,53,39
1,53,40
1,53,44
1,53,50
1,54,1
1,54,5
1,54,6
1,54,8
1,54,9
1,54,10
1,54,11
1,54,12
1,54,13
1,54,14
1,54,16
1,54,17
1,54,18
1,54,19
1,54,20
1,54,28
1,54,31
1,54,32
1,54,34
1,54,39
1,54,40
1,54,44
1,54,50
1,54,53
1,54,54
1,55,1
1,55,5
1,55,6
1,55,8
1,55,9
1,55,10
1,55,11
1,55,12
1,55,13
1,55,14
1,55,15
1,55,16
1,55,17
1,55,18
1,55,19
1,55,20
1,55,28
1,55,31
1,55,32
1,55,34
1,55,39
1,55,40
1,55,44
1,55,50
1,55,53
1,55,54
1,56,1
1,56,5
1,56,6
1,56,8
1,56,9
1,56,10
1,56,16
1,56,17
1,56,18
1,56,19
1,56,20
1,56,24
1,56,25
1,56,28
1,56,31
1,56,32
1,56,34
1,56,35
1,56,39
1,56,40
1,56,44
1,56,48
1,56,50
1,56,54
1,57,1
1,57,5
1,57,6
1,57,8
1,57,9
1,57,10
1,57,15
1,57,16
1,57,17
1,57,18
1,57,19
1,57,20
1,57,24
1,57,25
1,57,28
1,57,31
1,57,32
1,57,34
1,57,35
1,57,39
1,57,40
1,57,44
1,57,48
1,57,50
1,57,54
1,58,6
1,58,8
1,58,9
1,58,10
1,58,20
1,58,23
1,58,28
1,58,31
1,58,32
1,58,33
1,58,34
1,58,38
1,58,39
1,58,40
1,58,44
1,58,50
1,59,6
1,59,8
1,59,9
1,59,10
1,59,15
1,59,20
1,59,23
1,59,28
1,59,30
1,59,31
1,59,32
1,59,33
1,59,34
1,59,38
1,59,39
1,59,40
1,59,44
1,59,50
1,60,6
1,60,8
1,60,9
1,60,10
1,60,11
1,60,12
1,60,13
1,60,14
1,60,20
1,60,29
1,60,31
1,60,32
1,60,34
1,60,40
1,60,44
1,60,46
1,60,50
1,60,53
1,61,1
1,61,5
1,61,6
1,61,8
1,61,9
1,61,10
1,61,11
1,61,12
1,61,13
1,61,14
1,61,17
1,61,18
1,61,19
1,61,20
1,61,26
1,61,27
1,61,29
1,61,31
1,61,32
1,61,34
1,61,35
1,61,40
1,61,44
1,61,46
1,61,50
1,61,53
1,61,54
1,62,1
1,62,5
1,62,6
1,62,8
1,62,9
1,62,10
1,62,11
1,62,12
1,62,13
1,62,14
1,62,15
1,62,17
1,62,18
1,62,19
1,62,20
1,62,26
1,62,27
1,62,29
1,62,31
1,62,32
1,62,34
1,62,35
1,62,40
1,62,44
1,62,46
1,62,50
1,62,53
1,62,54
1,63,1
1,63,5
1,63,6
1,63,8
1,63,9
1,63,10
1,63,17
1,63,18
1,63,19
1,63,20
1,63,29
1,63,30
1,63,31
1,63,32
1,63,33
1,63,34
1,63,35
1,63,40
1,63,44
1,63,45
1,63,46
1,63,49
1,63,50
1,63,55
1,64,1
1,64,5
1,64,6
1,64,8
1,64,9
1,64,10
1,64,17
1,64,18
1,64,19
1,64,20
1,64,28
1,64,29
1,64,30
1,64,31
1,64,32
1,64,33
1,64,34
1,64,35
1,64,40
1,64,44
1,64,45
1,64,46
1,64,49
1,64,50
1,64,55
1,65,1
1,65,5
1,65,6
1,65,8
1,65,9
1,65,10
1,65,15
1,65,17
1,65,18
1,65,19
1,65,20
1,65,28
1,65,29
1,65,30
1,65,31
1,65,32
1,65,33
1,65,34
1,65,35
1,65,40
1,65,44
1,65,45
1,65,46
1,65,49
1,65,50
1,65,55
1,66,1
1,66,5
1,66,6
1,66,8
1,66,9
1,66,10
1,66,17
1,66,18
1,66,19
1,66,20
1,66,26
1,66,27
1,66,28
1,66,31
1,66,32
1,66,34
1,66,35
1,66,38
1,66,40
1,66,44
1,66,48
1,66,50
1,66,54
1,67,1
1,67,5
1,67,6
1,67,8
1,67,9
1,67,10
1,67,17
1,67,18
1,67,19
1,67,20
1,67,26
1,67,27
1,67,28
1,67,31
1,67,32
1,67,34
1,67,35
1,67,38
1,67,40
1,67,44
1,67,48
1,67,50
1,67,54
1,68,1
1,68,5
1,68,6
1,68,8
1,68,9
1,68,10
1,68,15
1,68,17
1,68,18
1,68,19
1,68,20
1,68,26
1,68,27
1,68,28
1,68,31
1,68,32
1,68,34
1,68,35
1,68,38
1,68,40
1,68,44
1,68,48
1,68,50
1,68,54
1,69,3
1,69,6
1,69,9
1,69,10
1,69,20
1,69,21
1,69,22
1,69,31
1,69,32
1,69,33
1,69,34
1,69,44
1,69,50
1,69,51
1,70,3
1,70,6
1,70,9
1,70,10
1,70,20
1,70,21
1,70,22
1,70,31
1,70,32
1,70,33
1,70,34
1,70,44
1,70,50
1,70,51
1,71,3
1,71,6
1,71,8
1,71,9
1,71,10
1,71,15
1,71,20
1,71,21
1,71,22
1,71,31
1,71,32
1,71,33
1,71,34
1,71,44
1,71,50
1,71,51
1,72,3
1,72,6
1,72,9
1,72,10
1,72,11
1,72,12
1,72,13
1,72,14
1,72,20
1,72,21
1,72,31
1,72,32
1,72,33
1,72,34
1,72,40
1,72,44
1,72,50
1,72,51
1,72,53
1,73,3
1,73,6
1,73,9
1,73,10
1,73,11
1,73,12
1,73,13
1,73,14
1,73,15
1,73,20
1,73,21
1,73,31
1,73,32
1,73,33
1,73,34
1,73,40
1,73,44
1,73,50
1,73,51
1,73,53
1,74,1
1,74,6
1,74,8
1,74,9
1,74,10
1,74,17
1,74,18
1,74,19
1,74,20
1,74,26
1,74,27
1,74,28
1,74,31
1,74,32
1,74,34
1,74,35
1,74,36
1,74,38
1,74,44
1,74,47
1,74,48
1,74,50
1,74,54
1,75,1
1,75,6
1,75,8
1,75,9
1,75,10
1,75,17
1,75,18
1,75,19
1,75,20
1,75,26
1,75,27
1,75,28
1,75,31
1,75,32
1,75,34
1,75,35
1,75,36
1,75,38
1,75,44
1,75,47
1,75,48
1,75,50
1,75,54
1,76,1
1,76,5
1,76,6
1,76,8
1,76,9
1,76,10
1,76,15
1,76,17
1,76,18
1,76,19
1,76,20
1,76,26
1,76,27
1,76,28
1,76,31
1,76,32
1,76,34
1,76,35
1,76,36
1,76,38
1,76,44
1,76,47
1,76,48
1,76,50
1,76,54
1,77,6
1,77,7
1,77,8
1,77,9
1,77,10
1,77,20
1,77,31
1,77,32
1,77,33
1,77,34
1,77,38
1,77,39
1,77,40
1,77,44
1,77,50
1,78,6
1,78,7
1,78,8
1,78,9
1,78,10
1,78,15
1,78,20
1,78,31
1,78,32
1,78,33
1,78,34
1,78,38
1,78,39
1,78,40
1,78,44
1,78,50
1,79,6
1,79,8
1,79,9
1,79,10
1,79,11
1,79,12
1,79,13
1,79,14
1,79,16
1,79,20
1,79,26
1,79,27
1,79,28
1,79,29
1,79,30
1,79,31
1,79,32
1,79,33
1,79,34
1,79,38
1,79,39
1,79,40
1,79,44
1,79,45
1,79,46
1,79,49
1,79,50
1,79,53
1,79,54
1,79,55
1,80,1
1,80,5
1,80,6
1,80,8
1,80,9
1,80,10
1,80,11
1,80,12
1,80,13
1,80,14
1,80,15
1,80,16
1,80,17
1,80,18
1,80,19
1,80,20
1,80,26
1,80,27
1,80,28
1,80,29
1,80,30
1,80,31
1,80,32
1,80,33
1,80,34
1,80,38
1,80,39
1,80,40
1,80,44
1,80,45
1,80,46
1,80,49
1,80,50
1,80,53
1,80,54
1,80,55
1,81,6
1,81,9
1,81,10
1,81,20
1,81,24
1,81,25
1,81,30
1,81,31
1,81,32
1,81,33
1,81,34
1,81,39
1,81,44
1,81,45
1,81,50
1,81,55
1,82,6
1,82,9
1,82,10
1,82,15
1,82,20
1,82,24
1,82,25
1,82,30
1,82,31
1,82,32
1,82,33
1,82,34
1,82,39
1,82,44
1,82,45
1,82,50
1,82,55
1,83,2
1,83,3
1,83,4
1,83,6
1,83,8
1,83,9
1,83,10
1,83,20
1,83,31
1,83,32
1,83,33
1,83,34
1,83,39
1,83,40
1,83,44
1,83,50
1,83,51
1,83,52
1,84,4
1,84,6
1,84,8
1,84,9
1,84,10
1,84,20
1,84,31
1,84,32
1,84,33
1,84,34
1,84,40
1,84,43
1,84,44
1,84,49
1,84,50
1,84,52
1,85,4
1,85,6
1,85,8
1,85,9
1,85,10
1,85,15
1,85,20
1,85,31
1,85,32
1,85,33
1,85,34
1,85,40
1,85,43
1,85,44
1,85,49
1,85,50
1,85,52
1,86,6
1,86,7
1,86,8
1,86,9
1,86,10
1,86,11
1,86,12
1,86,13
1,86,14
1,86,16
1,86,20
1,86,31
1,86,32
1,86,34
1,86,40
1,86,44
1,86,50
1,86,53
1,86,54
1,87,6
1,87,7
1,87,8
1,87,9
1,87,10
1,87,11
1,87,12
1,87,13
1,87,14
1,87,15
1,87,16
1,87,20
1,87,31
1,87,32
1,87,34
1,87,40
1,87,44
1,87,50
1,87,53
1,87,54
1,88,6
1,88,8
1,88,20
1,88,21
1,88,24
1,88,25
1,88,31
1,88,32
1,88,34
1,88,36
1,88,38
1,88,44
1,88,47
1,88,50
1,89,6
1,89,8
1,89,15
1,89,20
1,89,21
1,89,24
1,89,25
1,89,31
1,89,32
1,89,34
1,89,36
1,89,38
1,89,44
1,89,47
1,89,50
1,90,6
1,90,9
1,90,10
1,90,11
1,90,12
1,90,13
1,90,14
1,90,20
1,90,30
1,90,31
1,90,32
1,90,33
1,90,34
1,90,36
1,90,39
1,90,44
1,90,47
1,90,49
1,90,50
1,90,53
1,91,6
1,91,9
1,91,10
1,91,11
1,91,12
1,91,13
1,91,14
1,91,15
1,91,20
1,91,30
1,91,31
1,91,32
1,91,33
1,91,34
1,91,36
1,91,39
1,91,44
1,91,47
1,91,49
1,91,50
1,91,53
1,92,6
1,92,20
1,92,21
1,92,24
1,92,25
1,92,29
1,92,31
1,92,32
1,92,34
1,92,36
1,92,42
1,92,44
1,92,46
1,92,47
1,92,50
1,93,6
1,93,20
1,93,21
1,93,24
1,93,25
1,93,29
1,93,31
1,93,32
1,93,34
1,93,36
1,93,42
1,93,44
1,93,46
1,93,47
1,93,50
1,94,1
1,94,5
1,94,6
1,94,8
1,94,9
1,94,10
1,94,15
1,94,17
1,94,18
1,94,19
1,94,20
1,94,21
1,94,24
1,94,25
1,94,29
1,94,31
1,94,32
1,94,34
1,94,35
1,94,36
1,94,40
1,94,42
1,94,44
1,94,46
1,94,47
1,94,50
1,94,54
1,95,6
1,95,8
1,95,9
1,95,10
1,95,20
1,95,26
1,95,27
1,95,28
1,95,31
1,95,32
1,95,34
1,95,36
1,95,40
1,95,44
1,95,47
1,95,48
1,95,50
1,95,54
1,96,1
1,96,5
1,96,6
1,96,8
1,96,9
1,96,10
1,96,17
1,96,18
1,96,19
1,96,20
1,96,29
1,96,30
1,96,31
1,96,32
1,96,33
1,96,34
1,96,35
1,96,40
1,96,42
1,96,44
1,96,45
1,96,46
1,96,49
1,96,50
1,96,55
1,97,1
1,97,5
1,97,6
1,97,8
1,97,9
1,97,10
1,97,15
1,97,17
1,97,18
1,97,19
1,97,20
1,97,29
1,97,30
1,97,31
1,97,32
1,97,33
1,97,34
1,97,35
1,97,40
1,97,42
1,97,44
1,97,45
1,97,46
1,97,49
1,97,50
1,97,55
1,98,3
1,98,6
1,98,8
1,98,9
1,98,10
1,98,11
1,98,12
1,98,13
1,98,14
1,98,20
1,98,31
1,98,32
1,98,34
1,98,44
1,98,50
1,98,51
1,98,53
1,98,54
1,99,3
1,99,6
1,99,8
1,99,9
1,99,10
1,99,11
1,99,12
1,99,13
1,99,14
1,99,15
1,99,20
1,99,31
1,99,32
1,99,34
1,99,44
1,99,50
1,99,51
1,99,53
1,99,54
1,100,6
1,100,9
1,100,20
1,100,24
1,100,25
1,100,30
1,100,31
1,100,32
1,100,33
1,100,34
1,100,36
1,100,39
1,100,44
1,100,45
1,100,47
1,100,50
1,100,55
1,101,6
1,101,9
1,101,15
1,101,20
1,101,24
1,101,25
1,101,30
1,101,31
1,101,32
1,101,33
1,101,34
1,101,36
1,101,39
1,101,40
1,101,44
1,101,45
1,101,47
1,101,50
1,101,55
1,102,6
1,102,9
1,102,10
1,102,20
1,102,29
1,102,30
1,102,31
1,102,32
1,102,33
1,102,34
1,102,36
1,102,37
1,102,44
1,102,46
1,102,47
1,102,50
1,103,6
1,103,9
1,103,10
1,103,15
1,103,20
1,103,21
1,103,22
1,103,29
1,103,30
1,103,31
1,103,32
1,103,33
1,103,34
1,103,36
1,103,37
1,103,44
1,103,46
1,103,47
1,103,50
1,103,54
1,104,1
1,104,5
1,104,6
1,104,8
1,104,9
1,104,10
1,104,11
1,104,12
1,104,13
1,104,14
1,104,17
1,104,18
1,104,19
1,104,20
1,104,26
1,104,27
1,104,28
1,104,31
1,104,32
1,104,34
1,104,38
1,104,40
1,104,44
1,104,50
1,104,54
1,105,1
1,105,5
1,105,6
1,105,8
1,105,9
1,105,10
1,105,11
1,105,12
1,105,13
1,105,14
1,105,15
1,105,17
1,105,18
1,105,19
1,105,20
1,105,26
1,105,27
1,105,28
1,105,31
1,105,32
1,105,34
1,105,38
1,105,40
1,105,44
1,105,50
1,105,54
1,106,1
1,106,5
1,106,6
1,106,8
1,106,9
1,106,10
1,106,17
1,106,18
1,106,19
1,106,20
1,106,31
1,106,32
1,106,34
1,106,35
1,106,39
1,106,40
1,106,44
1,106,50
1,106,54
1,107,1
1,107,5
1,107,6
1,107,8
1,107,9
1,107,10
1,107,17
1,107,18
1,107,19
1,107,20
1,107,31
1,107,32
1,107,34
1,107,35
1,107,39
1,107,40
1,107,44
1,107,50
1,107,54
1,108,1
1,108,3
1,108,5
1,108,6
1,108,8
1,108,9
1,108,10
1,108,11
1,108,12
1,108,13
1,108,14
1,108,15
1,108,17
1,108,18
1,108,19
1,108,20
1,108,24
1,108,25
1,108,26
1,108,27
1,108,31
1,108,32
1,108,34
1,108,38
1,108,40
1,108,44
1,108,50
1,108,51
1,108,53
1,108,54
1,109,6
1,109,20
1,109,24
1,109,25
1,109,31
1,109,32
1,109,34
1,109,36
1,109,38
1,109,44
1,109,47
1,109,50
1,110,6
1,110,15
1,110,20
1,110,24
1,110,25
1,110,31
1,110,32
1,110,34
1,110,36
1,110,38
1,110,44
1,110,47
1,110,50
1,111,6
1,111,7
1,111,8
1,111,9
1,111,10
1,111,20
1,111,24
1,111,25
1,111,26
1,111,27
1,111,28
1,111,31
1,111,32
1,111,34
1,111,38
1,111,40
1,111,44
1,111,48
1,111,50
1,111,54
1,112,1
1,112,5
1,112,6
1,112,7
1,112,8
1,112,9
1,112,10
1,112,11
1,112,12
1,112,13
1,112,14
1,112,15
1,112,16
1,112,17
1,112,18
1,112,19
1,112,20
1,112,24
1,112,25
1,112,26
1,112,27
1,112,28
1,112,31
1,112,32
1,112,34
1,112,38
1,112,40
1,112,44
1,112,48
1,112,50
1,112,53
1,112,54
1,113,1
1,113,5
1,113,6
1,113,8
1,113,9
1,113,10
1,113,11
1,113,12
1,113,13
1,113,14
1,113,15
1,113,17
1,113,18
1,113,19
1,113,20
1,113,22
1,113,24
1,113,25
1,113,29
1,113,30
1,113,31
1,113,32
1,113,33
1,113,34
1,113,35
1,113,37
1,113,38
1,113,40
1,113,41
1,113,44
1,113,45
1,113,46
1,113,49
1,113,50
1,113,54
1,113,55
1,114,3
1,114,6
1,114,8
1,114,9
1,114,10
1,114,15
1,114,20
1,114,21
1,114,22
1,114,31
1,114,32
1,114,34
1,114,40
1,114,44
1,114,50
1,114,51
1,115,1
1,115,5
1,115,6
1,115,8
1,115,9
1,115,10
1,115,11
1,115,12
1,115,13
1,115,14
1,115,15
1,115,17
1,115,18
1,115,19
1,115,20
1,115,24
1,115,25
1,115,26
1,115,27
1,115,31
1,115,32
1,115,34
1,115,38
1,115,40
1,115,44
1,115,48
1,115,50
1,115,53
1,115,54
1,116,6
1,116,9
1,116,10
1,116,11
1,116,12
1,116,13
1,116,14
1,116,20
1,116,31
1,116,32
1,116,34
1,116,39
1,116,40
1,116,44
1,116,50
1,116,53
1,117,6
1,117,9
1,117,10
1,117,11
1,117,12
1,117,13
1,117,14
1,117,15
1,117,20
1,117,31
1,117,32
1,117,34
1,117,39
1,117,40
1,117,44
1,117,50
1,117,53
1,118,6
1,118,7
1,118,9
1,118,10
1,118,11
1,118,12
1,118,13
1,118,14
1,118,20
1,118,31
1,118,32
1,118,34
1,118,39
1,118,40
1,118,44
1,118,50
1,118,53
1,119,6
1,119,7
1,119,9
1,119,10
1,119,11
1,119,12
1,119,13
1,119,14
1,119,15
1,119,20
1,119,31
1,119,32
1,119,34
1,119,39
1,119,40
1,119,44
1,119,50
1,119,53
1,120,6
1,120,9
1,120,10
1,120,11
1,120,12
1,120,13
1,120,14
1,120,20
1,120,24
1,120,25
1,120,29
1,120,30
1,120,31
1,120,32
1,120,33
1,120,34
1,120,39
1,120,40
1,120,44
1,120,45
1,120,46
1,120,49
1,120,50
1,120,53
1,120,55
1,121,6
1,121,9
1,121,10
1,121,11
1,121,12
1,121,13
1,121,14
1,121,15
1,121,20
1,121,24
1,121,25
1,121,29
1,121,30
1,121,31
1,121,32
1,121,33
1,121,34
1,121,39
1,121,40
1,121,44
1,121,45
1,121,46
1,121,49
1,121,50
1,121,53
1,121,55
1,122,1
1,122,5
1,122,6
1,122,8
1,122,9
1,122,10
1,122,15
1,122,17
1,122,18
1,122,19
1,122,20
1,122,22
1,122,24
1,122,25
1,122,29
1,122,30
1,122,31
1,122,32
1,122,33
1,122,34
1,122,35
1,122,40
1,122,44
1,122,45
1,122,46
1,122,50
1,122,55
1,123,3
1,123,6
1,123,9
1,123,10
1,123,15
1,123,20
1,123,31
1,123,32
1,123,34
1,123,39
1,123,40
1,123,44
1,123,50
1,123,51
1,124,1
1,124,5
1,124,6
1,124,8
1,124,9
1,124,10
1,124,11
1,124,12
1,124,13
1,124,14
1,124,15
1,124,17
1,124,18
1,124,19
1,124,20
1,124,29
1,124,30
1,124,31
1,124,32
1,124,33
1,124,34
1,124,35
1,124,40
1,124,44
1,124,46
1,124,50
1,125,1
1,125,5
1,125,6
1,125,8
1,125,9
1,125,10
1,125,15
1,125,17
1,125,18
1,125,19
1,125,20
1,125,24
1,125,25
1,125,29
1,125,30
1,125,31
1,125,32
1,125,33
1,125,34
1,125,35
1,125,39
1,125,40
1,125,44
1,125,45
1,125,46
1,125,50
1,125,54
1,125,55
1,126,1
1,126,5
1,126,6
1,126,8
1,126,9
1,126,10
1,126,15
1,126,17
1,126,18
1,126,19
1,126,20
1,126,29
1,126,30
1,126,31
1,126,32
1,126,34
1,126,35
1,126,38
1,126,40
1,126,44
1,126,46
1,126,50
1,126,54
1,127,3
1,127,6
1,127,8
1,127,9
1,127,10
1,127,15
1,127,17
1,127,19
1,127,20
1,127,31
1,127,32
1,127,34
1,127,44
1,127,50
1,127,51
1,127,54
1,128,6
1,128,7
1,128,8
1,128,9
1,128,10
1,128,13
1,128,14
1,128,15
1,128,20
1,128,24
1,128,25
1,128,26
1,128,27
1,128,31
1,128,32
1,128,34
1,128,38
1,128,40
1,128,44
1,128,50
1,128,54
1,130,6
1,130,8
1,130,9
1,130,10
1,130,11
1,130,12
1,130,13
1,130,14
1,130,15
1,130,20
1,130,23
1,130,24
1,130,25
1,130,31
1,130,32
1,130,33
1,130,34
1,130,38
1,130,40
1,130,44
1,130,50
1,130,53
1,130,54
1,131,6
1,131,7
1,131,8
1,131,9
1,131,10
1,131,11
1,131,12
1,131,13
1,131,14
1,131,15
1,131,20
1,131,22
1,131,23
1,131,24
1,131,25
1,131,29
1,131,31
1,131,32
1,131,33
1,131,34
1,131,40
1,131,44
1,131,46
1,131,50
1,131,53
1,131,54
1,133,6
1,133,8
1,133,9
1,133,10
1,133,20
1,133,31
1,133,32
1,133,33
1,133,34
1,133,39
1,133,40
1,133,44
1,133,50
1,134,6
1,134,8
1,134,9
1,134,10
1,134,11
1,134,12
1,134,13
1,134,14
1,134,15
1,134,20
1,134,31
1,134,32
1,134,33
1,134,34
1,134,39
1,134,40
1,134,44
1,134,50
1,134,53
1,135,6
1,135,8
1,135,9
1,135,10
1,135,15
1,135,20
1,135,24
1,135,25
1,135,31
1,135,32
1,135,33
1,135,34
1,135,39
1,135,40
1,135,44
1,135,45
1,135,50
1,135,55
1,136,6
1,136,8
1,136,9
1,136,10
1,136,15
1,136,20
1,136,31
1,136,32
1,136,33
1,136,34
1,136,38
1,136,39
1,136,40
1,136,44
1,136,50
1,137,6
1,137,9
1,137,10
1,137,13
1,137,14
1,137,15
1,137,20
1,137,24
1,137,25
1,137,29
1,137,30
1,137,31
1,137,32
1,137,33
1,137,34
1,137,39
1,137,40
1,137,44
1,137,45
1,137,46
1,137,49
1,137,50
1,137,55
1,138,6
1,138,8
1,138,9
1,138,10
1,138,11
1,138,12
1,138,13
1,138,14
1,138,20
1,138,31
1,138,32
1,138,33
1,138,34
1,138,44
1,138,50
1,138,53
1,139,6
1,139,7
1,139,8
1,139,9
1,139,10
1,139,11
1,139,12
1,139,13
1,139,14
1,139,15
1,139,17
1,139,19
1,139,20
1,139,31
1,139,32
1,139,33
1,139,34
1,139,40
1,139,44
1,139,50
1,139,53
1,140,6
1,140,8
1,140,9
1,140,10
1,140,11
1,140,12
1,140,13
1,140,14
1,140,20
1,140,31
1,140,32
1,140,33
1,140,34
1,140,44
1,140,50
1,140,53
1,141,2
1,141,3
1,141,5
1,141,6
1,141,8
1,141,9
1,141,10
1,141,11
1,141,12
1,141,13
1,141,14
1,141,15
1,141,17
1,141,19
1,141,20
1,141,31
1,141,32
1,141,33
1,141,34
1,141,40
1,141,44
1,141,50
1,141,53
1,142,2
1,142,4
1,142,6
1,142,9
1,142,10
1,142,15
1,142,20
1,142,23
1,142,31
1,142,32
1,142,33
1,142,34
1,142,38
1,142,39
1,142,43
1,142,44
1,142,50
1,142,52
1,143,1
1,143,5
1,143,6
1,143,8
1,143,9
1,143,10
1,143,11
1,143,12
1,143,13
1,143,14
1,143,15
1,143,16
1,143,17
1,143,18
1,143,19
1,143,20
1,143,22
1,143,24
1,143,25
1,143,26
1,143,27
1,143,29
1,143,31
1,143,32
1,143,33
1,143,34
1,143,35
1,143,36
1,143,38
1,143,40
1,143,44
1,143,46
1,143,48
1,143,50
1,143,53
1,143,54
1,144,2
1,144,4
1,144,6
1,144,9
1,144,10
1,144,11
1,144,12
1,144,13
1,144,14
1,144,15
1,144,20
1,144,31
1,144,32
1,144,33
1,144,34
1,144,39
1,144,43
1,144,44
1,144,50
1,144,52
1,145,2
1,145,4
1,145,6
1,145,9
1,145,10
1,145,15
1,145,20
1,145,24
1,145,25
1,145,31
1,145,32
1,145,33
1,145,34
1,145,39
1,145,43
1,145,44
1,145,45
1,145,50
1,145,52
1,145,55
1,146,2
1,146,4
1,146,6
1,146,9
1,146,10
1,146,15
1,146,20
1,146,31
1,146,32
1,146,33
1,146,34
1,146,38
1,146,39
1,146,43
1,146,44
1,146,50
1,146,52
1,147,6
1,147,8
1,147,9
1,147,10
1,147,11
1,147,12
1,147,13
1,147,14
1,147,20
1,147,23
1,147,24
1,147,25
1,147,31
1,147,32
1,147,33
1,147,34
1,147,38
1,147,39
1,147,40
1,147,44
1,147,45
1,147,50
1,147,53
1,148,6
1,148,7
1,148,8
1,148,9
1,148,10
1,148,11
1,148,12
1,148,13
1,148,14
1,148,20
1,148,23
1,148,24
1,148,25
1,148,31
1,148,32
1,148,33
1,148,34
1,148,38
1,148,39
1,148,40
1,148,44
1,148,45
1,148,50
1,148,53
1,149,2
1,149,6
1,149,7
1,149,8
1,149,9
1,149,10
1,149,11
1,149,12
1,149,13
1,149,14
1,149,15
1,149,20
1,149,23
1,149,24
1,149,25
1,149,31
1,149,32
1,149,33
1,149,34
1,149,38
1,149,39
1,149,40
1,149,44
1,149,45
1,149,50
1,149,53
1,149,54
1,150,1
1,150,5
1,150,6
1,150,8
1,150,9
1,150,10
1,150,11
1,150,12
1,150,13
1,150,14
1,150,15
1,150,16
1,150,17
1,150,18
1,150,19
1,150,20
1,150,22
1,150,24
1,150,25
1,150,29
1,150,30
1,150,31
1,150,32
1,150,33
1,150,34
1,150,35
1,150,36
1,150,38
1,150,40
1,150,44
1,150,45
1,150,46
1,150,49
1,150,50
1,150,54
1,150,55
1,151,1
1,151,2
1,151,3
1,151,4
1,151,5
1,151,6
1,151,7
1,151,8
1,151,9
1,151,10
1,151,11
1,151,12
1,151,13
1,151,14
1,151,15
1,151,16
1,151,17
1,151,18
1,151,19
1,151,20
1,151,21
1,151,22
1,151,23
1,151,24
1,151,25
1,151,26
1,151,27
1,151,28
1,151,29
1,151,30
1,151,31
1,151,32
1,151,33
1,151,34
1,151,35
1,151,36
1,151,37
1,151,38
1,151,39
1,151,40
1,151,41
1,151,42
1,151,43
1,151,44
1,151,45
1,151,46
1,151,47
1,151,48
1,151,49
1,151,50
1,151,51
1,151,52
1,151,53
1,151,54
1,151,55
2,1,2
2,1,3
2,1,6
2,1,10
2,1,11
2,1,12
2,1,13
2,1,17
2,1,19
2,1,20
2,1,21
2,1,22
2,1,27
2,1,31
2,1,32
2,1,34
2,1,35
2,1,40
2,1,44
2,1,45
2,1,49
2,1,51
2,1,55
2,2,2
2,2,3
2,2,6
2,2,10
2,2,11
2,2,12
2,2,13
2,2,17
2,2,19
2,2,20
2,2,21
2,2,22
2,2,27
2,2,31
2,2,32
2,2,34
2,2,35
2,2,40
2,2,44
2,2,45
2,2,49
2,2,51
2,2,55
2,3,2
2,3,3
2,3,5
2,3,6
2,3,10
2,3,11
2,3,12
2,3,13
2,3,15
2,3,17
2,3,19
2,3,20
2,3,21
2,3,22
2,3,27
2,3,31
2,3,32
2,3,34
2,3,35
2,3,40
2,3,44
2,3,45
2,3,49
2,3,51
2,3,55
2,4,1
2,4,2
2,4,3
2,4,6
2,4,8
2,4,10
2,4,11
2,4,13
2,4,17
2,4,20
2,4,21
2,4,23
2,4,24
2,4,27
2,4,28
2,4,31
2,4,32
2,4,34
2,4,35
2,4,38
2,4,39
2,4,40
2,4,44
2,4,45
2,4,48
2,4,49
2,4,51
2,4,54
2,5,1
2,5,2
2,5,3
2,5,6
2,5,8
2,5,10
2,5,11
2,5,13
2,5,17
2,5,20
2,5,21
2,5,23
2,5,24
2,5,27
2,5,28
2,5,31
2,5,32
2,5,34
2,5,35
2,5,38
2,5,39
2,5,40
2,5,44
2,5,45
2,5,48
2,5,49
2,5,51
2,5,54
2,6,1
2,6,2
2,6,3
2,6,5
2,6,6
2,6,8
2,6,10
2,6,11
2,6,13
2,6,15
2,6,17
2,6,20
2,6,21
2,6,23
2,6,24
2,6,26
2,6,27
2,6,28
2,6,31
2,6,32
2,6,34
2,6,35
2,6,37
2,6,38
2,6,39
2,6,40
2,6,44
2,6,45
2,6,47
2,6,48
2,6,49
2,6,51
2,6,52
2,6,54
2,7,1
2,7,2
2,7,3
2,7,4
2,7,6
2,7,8
2,7,10
2,7,13
2,7,14
2,7,16
2,7,17
2,7,18
2,7,20
2,7,21
2,7,23
2,7,27
2,7,28
2,7,31
2,7,32
2,7,33
2,7,34
2,7,35
2,7,40
2,7,44
2,7,45
2,7,53
2,7,54
2,7,56
2,7,57
2,8,1
2,8,2
2,8,3
2,8,4
2,8,6
2,8,8
2,8,10
2,8,13
2,8,14
2,8,16
2,8,17
2,8,18
2,8,20
2,8,21
2,8,23
2,8,27
2,8,28
2,8,31
2,8,32
2,8,33
2,8,34
2,8,35
2,8,40
2,8,44
2,8,45
2,8,53
2,8,54
2,8,56
2,8,57
2,9,1
2,9,2
2,9,3
2,9,4
2,9,5
2,9,6
2,9,8
2,9,10
2,9,13
2,9,14
2,9,15
2,9,16
2,9,17
2,9,18
2,9,20
2,9,21
2,9,23
2,9,26
2,9,27
2,9,28
2,9,31
2,9,32
2,9,33
2,9,34
2,9,35
2,9,40
2,9,44
2,9,45
2,9,53
2,9,54
2,9,56
2,9,57
2,12,3
2,12,6
2,12,10
2,12,11
2,12,12
2,12,13
2,12,15
2,12,17
2,12,19
2,12,20
2,12,21
2,12,22
2,12,27
2,12,29
2,12,32
2,12,34
2,12,35
2,12,39
2,12,44
2,12,45
2,12,50
2,12,55
2,15,3
2,15,6
2,15,10
2,15,11
2,15,12
2,15,13
2,15,15
2,15,17
2,15,19
2,15,20
2,15,21
2,15,27
2,15,32
2,15,34
2,15,35
2,15,36
2,15,39
2,15,44
2,15,45
2,15,49
2,15,51
2,16,3
2,16,6
2,16,10
2,16,11
2,16,13
2,16,17
2,16,20
2,16,21
2,16,27
2,16,31
2,16,32
2,16,34
2,16,35
2,16,39
2,16,43
2,16,44
2,16,45
2,16,46
2,16,47
2,16,52
2,17,3
2,17,6
2,17,10
2,17,11
2,17,13
2,17,17
2,17,20
2,17,21
2,17,27
2,17,31
2,17,32
2,17,34
2,17,35
2,17,39
2,17,43
2,17,44
2,17,45
2,17,46
2,17,47
2,17,52
2,18,3
2,18,6
2,18,10
2,18,11
2,18,13
2,18,15
2,18,17
2,18,20
2,18,21
2,18,27
2,18,31
2,18,32
2,18,34
2,18,35
2,18,39
2,18,43
2,18,44
2,18,45
2,18,46
2,18,47
2,18,52
2,19,2
2,19,3
2,19,6
2,19,8
2,19,10
2,19,11
2,19,13
2,19,14
2,19,16
2,19,17
2,19,20
2,19,21
2,19,23
2,19,25
2,19,27
2,19,28
2,19,30
2,19,31
2,19,32
2,19,34
2,19,35
2,19,39
2,19,40
2,19,44
2,19,45
2,19,46
2,20,2
2,20,3
2,20,5
2,20,6
2,20,8
2,20,10
2,20,11
2,20,13
2,20,14
2,20,15
2,20,16
2,20,17
2,20,20
2,20,21
2,20,23
2,20,25
2,20,27
2,20,28
2,20,30
2,20,31
2,20,32
2,20,34
2,20,35
2,20,39
2,20,40
2,20,44
2,20,45
2,20,46
2,20,51
2,20,54
2,21,3
2,21,6
2,21,10
2,21,11
2,21,13
2,21,17
2,21,20
2,21,21
2,21,27
2,21,31
2,21,32
2,21,34
2,21,35
2,21,39
2,21,43
2,21,44
2,21,45
2,21,46
2,21,47
2,21,52
2,22,3
2,22,6
2,22,10
2,22,11
2,22,13
2,22,15
2,22,17
2,22,20
2,22,21
2,22,27
2,22,31
2,22,32
2,22,34
2,22,35
2,22,39
2,22,43
2,22,44
2,22,45
2,22,46
2,22,47
2,22,52
2,23,2
2,23,3
2,23,6
2,23,10
2,23,11
2,23,13
2,23,17
2,23,19
2,23,20
2,23,21
2,23,26
2,23,27
2,23,28
2,23,32
2,23,34
2,23,35
2,23,36
2,23,44
2,23,45
2,23,46
2,23,54
2,24,2
2,24,3
2,24,6
2,24,10
2,24,11
2,24,13
2,24,15
2,24,17
2,24,19
2,24,20
2,24,21
2,24,26
2,24,27
2,24,28
2,24,32
2,24,34
2,24,35
2,24,36
2,24,44
2,24,45
2,24,46
2,24,54
2,25,1
2,25,2
2,25,3
2,25,4
2,25,6
2,25,7
2,25,10
2,25,13
2,25,17
2,25,18
2,25,20
2,25,21
2,25,23
2,25,25
2,25,27
2,25,31
2,25,32
2,25,34
2,25,35
2,25,39
2,25,40
2,25,41
2,25,43
2,25,44
2,25,45
2,25,54
2,25,55
2,26,1
2,26,2
2,26,3
2,26,4
2,26,6
2,26,7
2,26,10
2,26,13
2,26,15
2,26,17
2,26,18
2,26,20
2,26,21
2,26,23
2,26,25
2,26,27
2,26,31
2,26,32
2,26,34
2,26,35
2,26,39
2,26,40
2,26,41
2,26,43
2,26,44
2,26,45
2,26,46
2,26,54
2,26,55
2,27,1
2,27,2
2,27,3
2,27,4
2,27,6
2,27,8
2,27,10
2,27,11
2,27,13
2,27,17
2,27,20
2,27,21
2,27,23
2,27,26
2,27,27
2,27,28
2,27,31
2,27,32
2,27,34
2,27,35
2,27,37
2,27,39
2,27,40
2,27,43
2,27,44
2,27,45
2,27,46
2,27,49
2,27,51
2,27,54
2,28,1
2,28,2
2,28,3
2,28,4
2,28,6
2,28,8
2,28,10
2,28,11
2,28,13
2,28,15
2,28,17
2,28,20
2,28,21
2,28,23
2,28,26
2,28,27
2,28,28
2,28,31
2,28,32
2,28,34
2,28,35
2,28,37
2,28,39
2,28,40
2,28,43
2,28,44
2,28,45
2,28,46
2,28,49
2,28,51
2,28,54
2,29,2
2,29,3
2,29,6
2,29,10
2,29,11
2,29,13
2,29,14
2,29,17
2,29,18
2,29,20
2,29,21
2,29,23
2,29,25
2,29,27
2,29,31
2,29,32
2,29,34
2,29,35
2,29,40
2,29,43
2,29,44
2,29,45
2,29,46
2,30,2
2,30,3
2,30,6
2,30,8
2,30,10
2,30,11
2,30,13
2,30,14
2,30,17
2,30,18
2,30,20
2,30,21
2,30,23
2,30,25
2,30,27
2,30,31
2,30,32
2,30,34
2,30,35
2,30,40
2,30,43
2,30,44
2,30,45
2,30,46
2,30,54
2,31,1
2,31,2
2,31,3
2,31,5
2,31,6
2,31,8
2,31,10
2,31,11
2,31,13
2,31,14
2,31,15
2,31,16
2,31,17
2,31,18
2,31,20
2,31,21
2,31,23
2,31,25
2,31,26
2,31,27
2,31,30
2,31,31
2,31,32
2,31,33
2,31,34
2,31,35
2,31,37
2,31,38
2,31,40
2,31,41
2,31,43
2,31,44
2,31,45
2,31,46
2,31,48
2,31,49
2,31,53
2,31,54
2,32,2
2,32,3
2,32,6
2,32,10
2,32,11
2,32,13
2,32,14
2,32,17
2,32,18
2,32,20
2,32,21
2,32,23
2,32,25
2,32,27
2,32,31
2,32,32
2,32,34
2,32,35
2,32,40
2,32,43
2,32,44
2,32,45
2,32,46
2,33,2
2,33,3
2,33,6
2,33,8
2,33,10
2,33,11
2,33,13
2,33,14
2,33,17
2,33,18
2,33,20
2,33,21
2,33,23
2,33,25
2,33,27
2,33,31
2,33,32
2,33,34
2,33,35
2,33,40
2,33,43
2,33,44
2,33,45
2,33,46
2,33,54
2,34,1
2,34,2
2,34,3
2,34,5
2,34,6
2,34,8
2,34,10
2,34,11
2,34,13
2,34,14
2,34,15
2,34,16
2,34,17
2,34,18
2,34,20
2,34,21
2,34,23
2,34,25
2,34,26
2,34,27
2,34,30
2,34,31
2,34,32
2,34,33
2,34,34
2,34,35
2,34,37
2,34,38
2,34,40
2,34,41
2,34,43
2,34,44
2,34,45
2,34,46
2,34,48
2,34,49
2,34,53
2,34,54
2,35,1
2,35,2
2,35,3
2,35,4
2,35,6
2,35,7
2,35,9
2,35,10
2,35,11
2,35,13
2,35,14
2,35,17
2,35,18
2,35,20
2,35,21
2,35,22
2,35,23
2,35,25
2,35,27
2,35,29
2,35,30
2,35,31
2,35,32
2,35,33
2,35,34
2,35,35
2,35,38
2,35,40
2,35,41
2,35,42
2,35,43
2,35,44
2,35,45
2,35,48
2,35,50
2,35,54
2,35,55
2,36,1
2,36,2
2,36,3
2,36,4
2,36,6
2,36,7
2,36,9
2,36,10
2,36,11
2,36,13
2,36,14
2,36,15
2,36,17
2,36,18
2,36,20
2,36,21
2,36,22
2,36,23
2,36,25
2,36,27
2,36,29
2,36,30
2,36,31
2,36,32
2,36,33
2,36,34
2,36,35
2,36,38
2,36,40
2,36,41
2,36,42
2,36,43
2,36,44
2,36,45
2,36,48
2,36,50
2,36,54
2,36,55
2,37,2
2,37,3
2,37,6
2,37,10
2,37,11
2,37,13
2,37,17
2,37,20
2,37,21
2,37,23
2,37,27
2,37,28
2,37,32
2,37,34
2,37,35
2,37,38
2,37,39
2,37,44
2,37,45
2,38,2
2,38,3
2,38,5
2,38,6
2,38,10
2,38,11
2,38,13
2,38,15
2,38,17
2,38,20
2,38,21
2,38,23
2,38,27
2,38,28
2,38,32
2,38,34
2,38,35
2,38,38
2,38,39
2,38,44
2,38,45
2,39,1
2,39,2
2,39,3
2,39,4
2,39,6
2,39,7
2,39,9
2,39,10
2,39,11
2,39,13
2,39,14
2,39,17
2,39,18
2,39,20
2,39,21
2,39,22
2,39,25
2,39,27
2,39,29
2,39,30
2,39,31
2,39,32
2,39,33
2,39,34
2,39,35
2,39,38
2,39,40
2,39,41
2,39,42
2,39,43
2,39,44
2,39,45
2,39,48
2,39,50
2,39,54
2,39,55
2,40,1
2,40,2
2,40,3
2,40,4
2,40,6
2,40,7
2,40,9
2,40,10
2,40,11
2,40,13
2,40,14
2,40,15
2,40,17
2,40,18
2,40,20
2,40,21
2,40,22
2,40,25
2,40,27
2,40,29
2,40,30
2,40,31
2,40,32
2,40,33
2,40,34
2,40,35
2,40,38
2,40,40
2,40,41
2,40,42
2,40,43
2,40,44
2,40,45
2,40,48
2,40,50
2,40,54
2,40,55
2,41,3
2,41,6
2,41,10
2,41,11
2,41,13
2,41,17
2,41,19
2,41,20
2,41,21
2,41,27
2,41,32
2,41,34
2,41,35
2,41,39
2,41,43
2,41,44
2,41,45
2,41,46
2,41,47
2,42,3
2,42,6
2,42,10
2,42,11
2,42,13
2,42,15
2,42,17
2,42,19
2,42,20
2,42,21
2,42,27
2,42,32
2,42,34
2,42,35
2,42,39
2,42,43
2,42,44
2,42,45
2,42,46
2,42,47
2,43,3
2,43,6
2,43,10
2,43,11
2,43,12
2,43,13
2,43,17
2,43,19
2,43,20
2,43,21
2,43,22
2,43,27
2,43,32
2,43,34
2,43,35
2,43,36
2,43,44
2,43,45
2,43,51
2,43,55
2,44,3
2,44,6
2,44,10
2,44,11
2,44,12
2,44,13
2,44,17
2,44,19
2,44,20
2,44,21
2,44,22
2,44,27
2,44,32
2,44,34
2,44,35
2,44,36
2,44,44
2,44,45
2,44,51
2,44,55
2,45,3
2,45,6
2,45,10
2,45,11
2,45,12
2,45,13
2,45,15
2,45,17
2,45,19
2,45,20
2,45,21
2,45,22
2,45,27
2,45,32
2,45,34
2,45,35
2,45,36
2,45,44
2,45,45
2,45,51
2,45,55
2,46,3
2,46,6
2,46,8
2,46,10
2,46,11
2,46,12
2,46,13
2,46,17
2,46,19
2,46,20
2,46,21
2,46,22
2,46,27
2,46,28
2,46,32
2,46,34
2,46,35
2,46,36
2,46,44
2,46,45
2,46,46
2,46,49
2,46,51
2,46,55
2,47,3
2,47,6
2,47,8
2,47,10
2,47,11
2,47,12
2,47,13
2,47,15
2,47,17
2,47,19
2,47,20
2,47,21
2,47,22
2,47,27
2,47,28
2,47,32
2,47,34
2,47,35
2,47,36
2,47,44
2,47,45
2,47,46
2,47,49
2,47,51
2,47,55
2,48,3
2,48,6
2,48,10
2,48,11
2,48,12
2,48,13
2,48,17
2,48,19
2,48,20
2,48,21
2,48,22
2,48,27
2,48,29
2,48,32
2,48,34
2,48,35
2,48,36
2,48,39
2,48,44
2,48,45
2,48,46
2,49,3
2,49,6
2,49,10
2,49,11
2,49,12
2,49,13
2,49,15
2,49,17
2,49,19
2,49,20
2,49,21
2,49,22
2,49,27
2,49,29
2,49,32
2,49,34
2,49,35
2,49,36
2,49,39
2,49,44
2,49,45
2,49,46
2,49,55
2,50,3
2,50,6
2,50,8
2,50,10
2,50,11
2,50,13
2,50,17
2,50,20
2,50,21
2,50,26
2,50,27
2,50,28
2,50,31
2,50,32
2,50,34
2,50,35
2,50,36
2,50,44
2,50,45
2,50,46
2,50,51
2,51,3
2,51,6
2,51,8
2,51,10
2,51,11
2,51,13
2,51,15
2,51,17
2,51,20
2,51,21
2,51,26
2,51,27
2,51,28
2,51,31
2,51,32
2,51,34
2,51,35
2,51,36
2,51,44
2,51,45
2,51,46
2,51,51
2,52,2
2,52,3
2,52,6
2,52,7
2,52,9
2,52,10
2,52,11
2,52,13
2,52,16
2,52,17
2,52,20
2,52,21
2,52,23
2,52,25
2,52,27
2,52,30
2,52,31
2,52,32
2,52,34
2,52,35
2,52,39
2,52,40
2,52,42
2,52,43
2,52,44
2,52,45
2,52,46
2,52,50
2,53,2
2,53,3
2,53,5
2,53,6
2,53,7
2,53,9
2,53,10
2,53,11
2,53,13
2,53,15
2,53,16
2,53,17
2,53,20
2,53,21
2,53,23
2,53,25
2,53,27
2,53,30
2,53,31
2,53,32
2,53,34
2,53,35
2,53,39
2,53,40
2,53,42
2,53,43
2,53,44
2,53,45
2,53,46
2,53,50
2,54,1
2,54,2
2,54,3
2,54,6
2,54,8
2,54,9
2,54,10
2,54,13
2,54,14
2,54,16
2,54,17
2,54,18
2,54,20
2,54,21
2,54,23
2,54,27
2,54,28
2,54,31
2,54,32
2,54,33
2,54,34
2,54,35
2,54,39
2,54,44
2,54,45
2,54,53
2,54,54
2,54,55
2,54,56
2,54,57
2,55,1
2,55,2
2,55,3
2,55,6
2,55,8
2,55,9
2,55,10
2,55,13
2,55,14
2,55,15
2,55,16
2,55,17
2,55,18
2,55,20
2,55,21
2,55,23
2,55,27
2,55,28
2,55,31
2,55,32
2,55,33
2,55,34
2,55,35
2,55,39
2,55,44
2,55,45
2,55,49
2,55,53
2,55,54
2,55,55
2,55,56
2,55,57
2,56,1
2,56,2
2,56,3
2,56,6
2,56,8
2,56,9
2,56,10
2,56,11
2,56,13
2,56,17
2,56,20
2,56,21
2,56,23
2,56,25
2,56,27
2,56,28
2,56,31
2,56,32
2,56,33
2,56,34
2,56,35
2,56,39
2,56,40
2,56,41
2,56,43
2,56,44
2,56,45
2,56,46
2,56,48
2,56,54
2,57,1
2,57,2
2,57,3
2,57,6
2,57,8
2,57,9
2,57,10
2,57,11
2,57,13
2,57,15
2,57,17
2,57,20
2,57,21
2,57,23
2,57,25
2,57,27
2,57,28
2,57,31
2,57,32
2,57,33
2,57,34
2,57,35
2,57,39
2,57,40
2,57,41
2,57,43
2,57,44
2,57,45
2,57,46
2,57,48
2,57,54
2,58,2
2,58,3
2,58,5
2,58,6
2,58,8
2,58,10
2,58,11
2,58,13
2,58,17
2,58,20
2,58,21
2,58,23
2,58,24
2,58,27
2,58,28
2,58,32
2,58,34
2,58,35
2,58,38
2,58,39
2,58,44
2,58,45
2,59,2
2,59,3
2,59,5
2,59,6
2,59,8
2,59,10
2,59,11
2,59,13
2,59,15
2,59,17
2,59,20
2,59,21
2,59,23
2,59,24
2,59,27
2,59,28
2,59,32
2,59,34
2,59,35
2,59,38
2,59,39
2,59,44
2,59,45
2,60,2
2,60,3
2,60,6
2,60,10
2,60,13
2,60,14
2,60,16
2,60,17
2,60,18
2,60,20
2,60,21
2,60,27
2,60,29
2,60,32
2,60,34
2,60,35
2,60,40
2,60,44
2,60,45
2,60,46
2,60,53
2,60,56
2,60,57
2,61,2
2,61,3
2,61,6
2,61,8
2,61,10
2,61,13
2,61,14
2,61,16
2,61,17
2,61,18
2,61,20
2,61,21
2,61,26
2,61,27
2,61,29
2,61,31
2,61,32
2,61,33
2,61,34
2,61,35
2,61,40
2,61,43
2,61,44
2,61,45
2,61,46
2,61,53
2,61,54
2,61,56
2,61,57
2,62,1
2,62,2
2,62,3
2,62,6
2,62,8
2,62,10
2,62,13
2,62,14
2,62,15
2,62,16
2,62,17
2,62,18
2,62,20
2,62,21
2,62,26
2,62,27
2,62,29
2,62,31
2,62,32
2,62,33
2,62,34
2,62,35
2,62,40
2,62,43
2,62,44
2,62,45
2,62,46
2,62,53
2,62,54
2,62,56
2,62,57
2,63,1
2,63,2
2,63,3
2,63,6
2,63,7
2,63,9
2,63,10
2,63,11
2,63,13
2,63,17
2,63,18
2,63,20
2,63,21
2,63,27
2,63,29
2,63,30
2,63,32
2,63,33
2,63,34
2,63,35
2,63,41
2,63,42
2,63,44
2,63,45
2,63,46
2,63,48
2,63,50
2,63,55
2,64,1
2,64,2
2,64,3
2,64,6
2,64,7
2,64,9
2,64,10
2,64,11
2,64,13
2,64,17
2,64,18
2,64,20
2,64,21
2,64,27
2,64,28
2,64,29
2,64,30
2,64,32
2,64,33
2,64,34
2,64,35
2,64,41
2,64,42
2,64,44
2,64,45
2,64,46
2,64,48
2,64,50
2,64,55
2,65,1
2,65,2
2,65,3
2,65,6
2,65,7
2,65,9
2,65,10
2,65,11
2,65,13
2,65,15
2,65,17
2,65,18
2,65,20
2,65,21
2,65,27
2,65,28
2,65,29
2,65,30
2,65,32
2,65,33
2,65,34
2,65,35
2,65,41
2,65,42
2,65,44
2,65,45
2,65,46
2,65,48
2,65,50
2,65,55
2,66,1
2,66,2
2,66,3
2,66,6
2,66,8
2,66,10
2,66,11
2,66,13
2,66,17
2,66,20
2,66,21
2,66,26
2,66,27
2,66,28
2,66,31
2,66,32
2,66,33
2,66,34
2,66,35
2,66,38
2,66,41
2,66,43
2,66,44
2,66,45
2,66,46
2,66,48
2,66,54
2,67,1
2,67,2
2,67,3
2,67,6
2,67,8
2,67,10
2,67,11
2,67,13
2,67,17
2,67,20
2,67,21
2,67,26
2,67,27
2,67,28
2,67,31
2,67,32
2,67,33
2,67,34
2,67,35
2,67,38
2,67,41
2,67,43
2,67,44
2,67,45
2,67,46
2,67,48
2,67,54
2,68,1
2,68,2
2,68,3
2,68,6
2,68,8
2,68,10
2,68,11
2,68,13
2,68,15
2,68,17
2,68,20
2,68,21
2,68,26
2,68,27
2,68,28
2,68,31
2,68,32
2,68,33
2,68,34
2,68,35
2,68,38
2,68,41
2,68,43
2,68,44
2,68,45
2,68,46
2,68,48
2,68,54
2,69,3
2,69,6
2,69,10
2,69,11
2,69,12
2,69,13
2,69,17
2,69,19
2,69,20
2,69,21
2,69,22
2,69,27
2,69,32
2,69,34
2,69,35
2,69,36
2,69,44
2,69,45
2,69,51
2,69,55
2,70,3
2,70,6
2,70,10
2,70,11
2,70,12
2,70,13
2,70,17
2,70,19
2,70,20
2,70,21
2,70,22
2,70,27
2,70,32
2,70,34
2,70,35
2,70,36
2,70,44
2,70,45
2,70,51
2,70,55
2,71,3
2,71,6
2,71,10
2,71,11
2,71,12
2,71,13
2,71,15
2,71,17
2,71,19
2,71,20
2,71,21
2,71,22
2,71,27
2,71,32
2,71,34
2,71,35
2,71,36
2,71,44
2,71,45
2,71,51
2,71,55
2,72,3
2,72,6
2,72,10
2,72,13
2,72,14
2,72,16
2,72,17
2,72,18
2,72,19
2,72,20
2,72,21
2,72,27
2,72,32
2,72,34
2,72,35
2,72,36
2,72,44
2,72,45
2,72,51
2,72,53
2,72,56
2,73,3
2,73,6
2,73,10
2,73,13
2,73,14
2,73,15
2,73,16
2,73,17
2,73,18
2,73,19
2,73,20
2,73,21
2,73,27
2,73,32
2,73,34
2,73,35
2,73,36
2,73,44
2,73,45
2,73,51
2,73,53
2,73,56
2,74,1
2,74,2
2,74,3
2,74,4
2,74,6
2,74,8
2,74,10
2,74,11
2,74,13
2,74,17
2,74,20
2,74,21
2,74,26
2,74,27
2,74,28
2,74,31
2,74,32
2,74,34
2,74,35
2,74,37
2,74,38
2,74,40
2,74,44
2,74,45
2,74,48
2,74,54
2,75,1
2,75,2
2,75,3
2,75,4
2,75,6
2,75,8
2,75,10
2,75,11
2,75,13
2,75,17
2,75,20
2,75,21
2,75,26
2,75,27
2,75,28
2,75,31
2,75,32
2,75,34
2,75,35
2,75,37
2,75,38
2,75,40
2,75,44
2,75,45
2,75,48
2,75,54
2,76,1
2,76,2
2,76,3
2,76,4
2,76,5
2,76,6
2,76,8
2,76,10
2,76,11
2,76,13
2,76,15
2,76,17
2,76,20
2,76,21
2,76,26
2,76,27
2,76,28
2,76,31
2,76,32
2,76,34
2,76,35
2,76,37
2,76,38
2,76,40
2,76,44
2,76,45
2,76,48
2,76,49
2,76,54
2,77,2
2,77,3
2,77,6
2,77,10
2,77,11
2,77,13
2,77,17
2,77,20
2,77,21
2,77,23
2,77,27
2,77,32
2,77,34
2,77,35
2,77,38
2,77,39
2,77,44
2,77,45
2,78,2
2,78,3
2,78,6
2,78,10
2,78,11
2,78,13
2,78,15
2,78,17
2,78,20
2,78,21
2,78,23
2,78,27
2,78,32
2,78,34
2,78,35
2,78,38
2,78,39
2,78,44
2,78,45
2,79,2
2,79,3
2,79,6
2,79,7
2,79,9
2,79,10
2,79,11
2,79,13
2,79,14
2,79,16
2,79,17
2,79,18
2,79,20
2,79,21
2,79,23
2,79,26
2,79,27
2,79,28
2,79,29
2,79,30
2,79,31
2,79,32
2,79,34
2,79,35
2,79,38
2,79,39
2,79,42
2,79,44
2,79,45
2,79,50
2,79,53
2,79,54
2,79,55
2,80,1
2,80,2
2,80,3
2,80,6
2,80,7
2,80,8
2,80,9
2,80,10
2,80,11
2,80,13
2,80,14
2,80,15
2,80,16
2,80,17
2,80,18
2,80,20
2,80,21
2,80,23
2,80,26
2,80,27
2,80,28
2,80,29
2,80,30
2,80,31
2,80,32
2,80,33
2,80,34
2,80,35
2,80,38
2,80,39
2,80,42
2,80,44
2,80,45
2,80,49
2,80,50
2,80,53
2,80,54
2,80,55
2,81,3
2,81,4
2,81,6
2,81,7
2,81,10
2,81,13
2,81,17
2,81,18
2,81,20
2,81,21
2,81,25
2,81,27
2,81,32
2,81,34
2,81,35
2,81,39
2,81,44
2,81,55
2,82,3
2,82,4
2,82,6
2,82,7
2,82,10
2,82,13
2,82,15
2,82,17
2,82,18
2,82,20
2,82,21
2,82,25
2,82,27
2,82,32
2,82,34
2,82,35
2,82,39
2,82,44
2,82,55
2,83,2
2,83,3
2,83,6
2,83,9
2,83,10
2,83,11
2,83,13
2,83,17
2,83,20
2,83,21
2,83,23
2,83,27
2,83,31
2,83,32
2,83,34
2,83,35
2,83,39
2,83,43
2,83,44
2,83,45
2,83,46
2,83,47
2,83,51
2,83,52
2,84,3
2,84,6
2,84,10
2,84,11
2,84,13
2,84,17
2,84,20
2,84,21
2,84,27
2,84,31
2,84,32
2,84,34
2,84,35
2,84,39
2,84,44
2,84,45
2,84,46
2,84,47
2,84,52
2,85,3
2,85,6
2,85,10
2,85,11
2,85,13
2,85,15
2,85,17
2,85,20
2,85,21
2,85,27
2,85,31
2,85,32
2,85,34
2,85,35
2,85,39
2,85,44
2,85,45
2,85,46
2,85,47
2,85,52
2,86,2
2,86,3
2,86,6
2,86,10
2,86,13
2,86,14
2,86,16
2,86,17
2,86,18
2,86,20
2,86,21
2,86,27
2,86,32
2,86,34
2,86,35
2,86,44
2,86,45
2,86,53
2,86,56
2,86,57
2,87,2
2,87,3
2,87,6
2,87,10
2,87,13
2,87,14
2,87,15
2,87,16
2,87,17
2,87,18
2,87,20
2,87,21
2,87,27
2,87,32
2,87,34
2,87,35
2,87,44
2,87,45
2,87,53
2,87,56
2,87,57
2,88,1
2,88,3
2,88,6
2,88,7
2,88,10
2,88,11
2,88,13
2,88,17
2,88,19
2,88,20
2,88,21
2,88,25
2,88,27
2,88,31
2,88,32
2,88,33
2,88,34
2,88,35
2,88,36
2,88,38
2,88,41
2,88,44
2,88,45
2,88,46
2,88,48
2,89,1
2,89,3
2,89,6
2,89,7
2,89,10
2,89,11
2,89,13
2,89,15
2,89,17
2,89,19
2,89,20
2,89,21
2,89,25
2,89,27
2,89,31
2,89,32
2,89,33
2,89,34
2,89,35
2,89,36
2,89,38
2,89,41
2,89,44
2,89,45
2,89,46
2,89,48
2,90,3
2,90,6
2,90,10
2,90,13
2,90,14
2,90,16
2,90,17
2,90,18
2,90,20
2,90,21
2,90,27
2,90,32
2,90,34
2,90,35
2,90,39
2,90,44
2,90,45
2,90,53
2,90,56
2,91,3
2,91,6
2,91,10
2,91,13
2,91,14
2,91,15
2,91,16
2,91,17
2,91,18
2,91,20
2,91,21
2,91,27
2,91,32
2,91,34
2,91,35
2,91,39
2,91,44
2,91,45
2,91,53
2,91,56
2,92,3
2,92,6
2,92,7
2,92,9
2,92,10
2,92,11
2,92,13
2,92,17
2,92,18
2,92,19
2,92,20
2,92,21
2,92,25
2,92,27
2,92,29
2,92,30
2,92,32
2,92,34
2,92,35
2,92,42
2,92,44
2,92,45
2,92,46
2,92,50
2,93,3
2,93,6
2,93,7
2,93,9
2,93,10
2,93,11
2,93,13
2,93,17
2,93,18
2,93,19
2,93,20
2,93,21
2,93,25
2,93,27
2,93,29
2,93,30
2,93,32
2,93,34
2,93,35
2,93,42
2,93,44
2,93,45
2,93,46
2,93,50
2,94,1
2,94,2
2,94,3
2,94,6
2,94,7
2,94,8
2,94,9
2,94,10
2,94,11
2,94,13
2,94,15
2,94,17
2,94,18
2,94,19
2,94,20
2,94,21
2,94,25
2,94,27
2,94,29
2,94,30
2,94,32
2,94,33
2,94,34
2,94,35
2,94,41
2,94,42
2,94,44
2,94,45
2,94,46
2,94,48
2,94,50
2,94,54
2,95,2
2,95,3
2,95,5
2,95,6
2,95,8
2,95,10
2,95,11
2,95,13
2,95,17
2,95,20
2,95,21
2,95,23
2,95,26
2,95,27
2,95,28
2,95,31
2,95,32
2,95,34
2,95,35
2,95,37
2,95,44
2,95,45
2,95,54
2,96,1
2,96,2
2,96,3
2,96,6
2,96,7
2,96,9
2,96,10
2,96,11
2,96,13
2,96,17
2,96,18
2,96,20
2,96,21
2,96,27
2,96,29
2,96,30
2,96,32
2,96,33
2,96,34
2,96,35
2,96,41
2,96,42
2,96,44
2,96,45
2,96,48
2,96,50
2,96,55
2,97,1
2,97,2
2,97,3
2,97,6
2,97,7
2,97,9
2,97,10
2,97,11
2,97,13
2,97,15
2,97,17
2,97,18
2,97,20
2,97,21
2,97,27
2,97,29
2,97,30
2,97,32
2,97,33
2,97,34
2,97,35
2,97,41
2,97,42
2,97,44
2,97,45
2,97,48
2,97,50
2,97,55
2,98,3
2,98,6
2,98,8
2,98,10
2,98,13
2,98,14
2,98,16
2,98,17
2,98,18
2,98,20
2,98,21
2,98,27
2,98,31
2,98,32
2,98,34
2,98,35
2,98,44
2,98,45
2,98,46
2,98,49
2,98,51
2,98,53
2,98,54
2,98,56
2,99,3
2,99,6
2,99,8
2,99,10
2,99,13
2,99,14
2,99,15
2,99,16
2,99,17
2,99,18
2,99,20
2,99,21
2,99,27
2,99,31
2,99,32
2,99,34
2,99,35
2,99,44
2,99,45
2,99,46
2,99,49
2,99,51
2,99,53
2,99,54
2,99,56
2,100,2
2,100,3
2,100,4
2,100,6
2,100,7
2,100,10
2,100,13
2,100,17
2,100,18
2,100,20
2,100,21
2,100,25
2,100,27
2,100,32
2,100,34
2,100,35
2,100,39
2,100,44
2,100,55
2,101,2
2,101,3
2,101,4
2,101,6
2,101,7
2,101,10
2,101,13
2,101,15
2,101,17
2,101,18
2,101,20
2,101,21
2,101,25
2,101,27
2,101,32
2,101,34
2,101,35
2,101,39
2,101,44
2,101,55
2,102,3
2,102,4
2,102,6
2,102,9
2,102,10
2,102,11
2,102,13
2,102,17
2,102,19
2,102,20
2,102,21
2,102,22
2,102,27
2,102,29
2,102,32
2,102,34
2,102,35
2,102,36
2,102,42
2,102,44
2,102,45
2,102,46
2,102,50
2,102,54
2,102,55
2,103,2
2,103,3
2,103,4
2,103,6
2,103,9
2,103,10
2,103,11
2,103,13
2,103,15
2,103,17
2,103,19
2,103,20
2,103,21
2,103,22
2,103,27
2,103,29
2,103,32
2,103,34
2,103,35
2,103,36
2,103,42
2,103,44
2,103,45
2,103,46
2,103,50
2,103,54
2,103,55
2,104,1
2,104,2
2,104,3
2,104,6
2,104,8
2,104,10
2,104,11
2,104,13
2,104,14
2,104,16
2,104,17
2,104,20
2,104,21
2,104,23
2,104,26
2,104,27
2,104,28
2,104,31
2,104,32
2,104,34
2,104,35
2,104,37
2,104,38
2,104,41
2,104,43
2,104,44
2,104,45
2,104,46
2,104,48
2,104,54
2,105,1
2,105,2
2,105,3
2,105,6
2,105,8
2,105,10
2,105,11
2,105,13
2,105,14
2,105,15
2,105,16
2,105,17
2,105,20
2,105,21
2,105,23
2,105,26
2,105,27
2,105,28
2,105,31
2,105,32
2,105,34
2,105,35
2,105,37
2,105,38
2,105,41
2,105,43
2,105,44
2,105,45
2,105,46
2,105,48
2,105,54
2,106,1
2,106,2
2,106,3
2,106,6
2,106,8
2,106,10
2,106,11
2,106,13
2,106,17
2,106,20
2,106,21
2,106,27
2,106,31
2,106,32
2,106,34
2,106,35
2,106,39
2,106,43
2,106,44
2,106,45
2,106,46
2,106,54
2,107,1
2,107,2
2,107,3
2,107,6
2,107,8
2,107,10
2,107,11
2,107,13
2,107,17
2,107,20
2,107,21
2,107,27
2,107,31
2,107,32
2,107,33
2,107,34
2,107,35
2,107,39
2,107,41
2,107,43
2,107,44
2,107,45
2,107,46
2,107,48
2,107,54
2,108,1
2,108,2
2,108,3
2,108,4
2,108,6
2,108,8
2,108,9
2,108,10
2,108,11
2,108,13
2,108,14
2,108,15
2,108,16
2,108,17
2,108,18
2,108,20
2,108,21
2,108,23
2,108,25
2,108,26
2,108,27
2,108,30
2,108,31
2,108,32
2,108,33
2,108,34
2,108,35
2,108,37
2,108,38
2,108,40
2,108,41
2,108,42
2,108,44
2,108,45
2,108,46
2,108,48
2,108,50
2,108,51
2,108,53
2,108,54
2,109,3
2,109,4
2,109,6
2,109,7
2,109,10
2,109,11
2,109,13
2,109,17
2,109,20
2,109,21
2,109,25
2,109,27
2,109,32
2,109,34
2,109,35
2,109,36
2,109,38
2,109,44
2,109,45
2,109,46
2,110,3
2,110,4
2,110,6
2,110,7
2,110,10
2,110,11
2,110,13
2,110,15
2,110,17
2,110,20
2,110,21
2,110,25
2,110,27
2,110,32
2,110,34
2,110,35
2,110,36
2,110,38
2,110,44
2,110,45
2,110,46
2,111,2
2,111,3
2,111,4
2,111,5
2,111,6
2,111,7
2,111,8
2,111,10
2,111,11
2,111,13
2,111,14
2,111,16
2,111,17
2,111,20
2,111,21
2,111,23
2,111,25
2,111,26
2,111,27
2,111,28
2,111,31
2,111,32
2,111,34
2,111,35
2,111,37
2,111,38
2,111,44
2,111,45
2,111,54
2,112,1
2,112,2
2,112,3
2,112,4
2,112,5
2,112,6
2,112,7
2,112,8
2,112,10
2,112,11
2,112,13
2,112,14
2,112,15
2,112,16
2,112,17
2,112,20
2,112,21
2,112,23
2,112,25
2,112,26
2,112,27
2,112,28
2,112,31
2,112,32
2,112,34
2,112,35
2,112,37
2,112,38
2,112,41
2,112,44
2,112,45
2,112,48
2,112,49
2,112,53
2,112,54
2,113,1
2,113,2
2,113,3
2,113,4
2,113,6
2,113,7
2,113,8
2,113,9
2,113,10
2,113,11
2,113,13
2,113,14
2,113,15
2,113,16
2,113,17
2,113,18
2,113,20
2,113,21
2,113,22
2,113,23
2,113,25
2,113,27
2,113,29
2,113,30
2,113,31
2,113,32
2,113,34
2,113,35
2,113,37
2,113,38
2,113,40
2,113,42
2,113,44
2,113,45
2,113,54
2,113,55
2,114,2
2,114,3
2,114,6
2,114,9
2,114,10
2,114,11
2,114,12
2,114,13
2,114,15
2,114,17
2,114,19
2,114,20
2,114,21
2,114,22
2,114,27
2,114,32
2,114,34
2,114,35
2,114,36
2,114,44
2,114,45
2,114,46
2,114,51
2,114,55
2,115,1
2,115,2
2,115,3
2,115,5
2,115,6
2,115,7
2,115,8
2,115,10
2,115,11
2,115,13
2,115,14
2,115,15
2,115,16
2,115,17
2,115,18
2,115,20
2,115,21
2,115,23
2,115,25
2,115,26
2,115,27
2,115,30
2,115,31
2,115,32
2,115,33
2,115,34
2,115,35
2,115,37
2,115,38
2,115,41
2,115,44
2,115,45
2,115,48
2,115,49
2,115,53
2,115,54
2,116,2
2,116,3
2,116,6
2,116,10
2,116,13
2,116,14
2,116,16
2,116,17
2,116,18
2,116,20
2,116,21
2,116,24
2,116,27
2,116,32
2,116,34
2,116,35
2,116,39
2,116,44
2,116,45
2,116,53
2,116,56
2,116,57
2,117,2
2,117,3
2,117,6
2,117,10
2,117,13
2,117,14
2,117,15
2,117,16
2,117,17
2,117,18
2,117,20
2,117,21
2,117,24
2,117,27
2,117,32
2,117,34
2,117,35
2,117,39
2,117,44
2,117,45
2,117,53
2,117,56
2,117,57
2,118,3
2,118,6
2,118,10
2,118,13
2,118,14
2,118,16
2,118,17
2,118,18
2,118,20
2,118,21
2,118,27
2,118,32
2,118,34
2,118,35
2,118,39
2,118,44
2,118,45
2,118,53
2,118,57
2,119,3
2,119,6
2,119,10
2,119,13
2,119,14
2,119,15
2,119,16
2,119,17
2,119,18
2,119,20
2,119,21
2,119,27
2,119,32
2,119,34
2,119,35
2,119,39
2,119,44
2,119,45
2,119,53
2,119,57
2,120,3
2,120,6
2,120,7
2,120,9
2,120,10
2,120,13
2,120,14
2,120,16
2,120,17
2,120,18
2,120,20
2,120,21
2,120,25
2,120,27
2,120,29
2,120,32
2,120,34
2,120,35
2,120,39
2,120,44
2,120,45
2,120,53
2,120,55
2,120,56
2,120,57
2,121,3
2,121,6
2,121,7
2,121,9
2,121,10
2,121,13
2,121,14
2,121,15
2,121,16
2,121,17
2,121,18
2,121,20
2,121,21
2,121,25
2,121,27
2,121,29
2,121,32
2,121,34
2,121,35
2,121,39
2,121,42
2,121,44
2,121,45
2,121,50
2,121,53
2,121,55
2,121,56
2,121,57
2,122,1
2,122,2
2,122,3
2,122,6
2,122,7
2,122,9
2,122,10
2,122,11
2,122,13
2,122,15
2,122,17
2,122,20
2,122,21
2,122,22
2,122,25
2,122,27
2,122,29
2,122,30
2,122,31
2,122,32
2,122,33
2,122,34
2,122,35
2,122,41
2,122,42
2,122,44
2,122,45
2,122,46
2,122,48
2,122,50
2,122,55
2,123,2
2,123,3
2,123,6
2,123,8
2,123,10
2,123,11
2,123,13
2,123,15
2,123,17
2,123,20
2,123,21
2,123,27
2,123,32
2,123,34
2,123,35
2,123,39
2,123,43
2,123,44
2,123,45
2,123,46
2,123,47
2,123,49
2,123,51
2,124,1
2,124,2
2,124,3
2,124,6
2,124,9
2,124,10
2,124,12
2,124,13
2,124,14
2,124,15
2,124,16
2,124,17
2,124,18
2,124,20
2,124,21
2,124,27
2,124,29
2,124,30
2,124,31
2,124,32
2,124,33
2,124,34
2,124,35
2,124,42
2,124,44
2,124,45
2,124,46
2,124,50
2,125,1
2,125,2
2,125,3
2,125,6
2,125,7
2,125,8
2,125,10
2,125,13
2,125,15
2,125,17
2,125,18
2,125,20
2,125,21
2,125,23
2,125,25
2,125,27
2,125,29
2,125,31
2,125,32
2,125,33
2,125,34
2,125,35
2,125,39
2,125,41
2,125,43
2,125,44
2,125,45
2,125,46
2,125,48
2,125,54
2,125,55
2,126,1
2,126,2
2,126,3
2,126,6
2,126,8
2,126,10
2,126,11
2,126,13
2,126,15
2,126,17
2,126,20
2,126,21
2,126,23
2,126,27
2,126,29
2,126,31
2,126,32
2,126,34
2,126,35
2,126,38
2,126,41
2,126,43
2,126,44
2,126,45
2,126,46
2,126,48
2,126,54
2,127,2
2,127,3
2,127,6
2,127,8
2,127,10
2,127,11
2,127,13
2,127,15
2,127,17
2,127,20
2,127,21
2,127,27
2,127,32
2,127,34
2,127,35
2,127,44
2,127,45
2,127,46
2,127,49
2,127,51
2,127,54
2,128,2
2,128,3
2,128,6
2,128,7
2,128,8
2,128,10
2,128,11
2,128,13
2,128,14
2,128,15
2,128,16
2,128,17
2,128,20
2,128,21
2,128,23
2,128,25
2,128,26
2,128,27
2,128,32
2,128,34
2,128,35
2,128,38
2,128,44
2,128,45
2,128,53
2,128,54
2,130,2
2,130,3
2,130,5
2,130,6
2,130,7
2,130,8
2,130,10
2,130,13
2,130,14
2,130,15
2,130,16
2,130,17
2,130,18
2,130,20
2,130,21
2,130,24
2,130,25
2,130,27
2,130,32
2,130,34
2,130,35
2,130,37
2,130,38
2,130,44
2,130,45
2,130,53
2,130,54
2,130,56
2,130,57
2,131,2
2,131,3
2,131,6
2,131,7
2,131,8
2,131,10
2,131,13
2,131,14
2,131,15
2,131,16
2,131,17
2,131,18
2,131,20
2,131,21
2,131,23
2,131,24
2,131,25
2,131,27
2,131,29
2,131,32
2,131,34
2,131,35
2,131,42
2,131,44
2,131,45
2,131,50
2,131,53
2,131,54
2,131,56
2,133,2
2,133,3
2,133,6
2,133,10
2,133,11
2,133,13
2,133,17
2,133,18
2,133,20
2,133,21
2,133,23
2,133,27
2,133,30
2,133,31
2,133,32
2,133,34
2,133,35
2,133,39
2,133,43
2,133,44
2,133,45
2,134,2
2,134,3
2,134,5
2,134,6
2,134,10
2,134,11
2,134,13
2,134,14
2,134,15
2,134,16
2,134,17
2,134,18
2,134,20
2,134,21
2,134,23
2,134,27
2,134,30
2,134,31
2,134,32
2,134,34
2,134,35
2,134,39
2,134,43
2,134,44
2,134,45
2,134,53
2,134,56
2,134,57
2,135,2
2,135,3
2,135,5
2,135,6
2,135,7
2,135,10
2,135,11
2,135,13
2,135,15
2,135,17
2,135,18
2,135,20
2,135,21
2,135,23
2,135,25
2,135,27
2,135,30
2,135,31
2,135,32
2,135,34
2,135,35
2,135,39
2,135,43
2,135,44
2,135,45
2,135,55
2,136,2
2,136,3
2,136,5
2,136,6
2,136,7
2,136,10
2,136,11
2,136,13
2,136,15
2,136,17
2,136,18
2,136,20
2,136,21
2,136,23
2,136,27
2,136,30
2,136,31
2,136,32
2,136,34
2,136,35
2,136,38
2,136,39
2,136,43
2,136,44
2,136,45
2,137,3
2,137,6
2,137,7
2,137,9
2,137,10
2,137,11
2,137,13
2,137,14
2,137,15
2,137,16
2,137,17
2,137,18
2,137,20
2,137,21
2,137,23
2,137,25
2,137,27
2,137,29
2,137,32
2,137,34
2,137,35
2,137,39
2,137,42
2,137,44
2,137,46
2,137,50
2,137,55
2,138,2
2,138,3
2,138,4
2,138,6
2,138,8
2,138,10
2,138,13
2,138,14
2,138,16
2,138,17
2,138,18
2,138,20
2,138,21
2,138,27
2,138,32
2,138,34
2,138,35
2,138,37
2,138,44
2,138,45
2,138,46
2,138,53
2,138,56
2,139,2
2,139,3
2,139,4
2,139,6
2,139,8
2,139,10
2,139,13
2,139,14
2,139,15
2,139,16
2,139,17
2,139,18
2,139,20
2,139,21
2,139,27
2,139,32
2,139,34
2,139,35
2,139,37
2,139,44
2,139,45
2,139,46
2,139,53
2,139,56
2,140,3
2,140,4
2,140,6
2,140,8
2,140,10
2,140,13
2,140,14
2,140,16
2,140,17
2,140,18
2,140,19
2,140,20
2,140,21
2,140,27
2,140,32
2,140,34
2,140,35
2,140,37
2,140,44
2,140,45
2,140,46
2,141,2
2,141,3
2,141,4
2,141,6
2,141,8
2,141,10
2,141,13
2,141,14
2,141,15
2,141,16
2,141,17
2,141,18
2,141,19
2,141,20
2,141,21
2,141,27
2,141,32
2,141,34
2,141,35
2,141,37
2,141,44
2,141,45
2,141,46
2,141,49
2,141,51
2,141,53
2,141,56
2,142,2
2,142,3
2,142,5
2,142,6
2,142,8
2,142,10
2,142,13
2,142,15
2,142,17
2,142,18
2,142,20
2,142,21
2,142,23
2,142,24
2,142,26
2,142,27
2,142,32
2,142,34
2,142,35
2,142,37
2,142,38
2,142,39
2,142,43
2,142,44
2,142,45
2,142,47
2,142,52
2,143,1
2,143,2
2,143,3
2,143,4
2,143,6
2,143,7
2,143,8
2,143,9
2,143,10
2,143,11
2,143,13
2,143,14
2,143,15
2,143,16
2,143,17
2,143,18
2,143,20
2,143,21
2,143,22
2,143,25
2,143,26
2,143,27
2,143,29
2,143,30
2,143,31
2,143,32
2,143,33
2,143,34
2,143,35
2,143,37
2,143,38
2,143,40
2,143,41
2,143,44
2,143,45
2,143,48
2,143,53
2,143,54
2,144,3
2,144,5
2,144,6
2,144,8
2,144,10
2,144,11
2,144,13
2,144,14
2,144,15
2,144,16
2,144,17
2,144,18
2,144,20
2,144,21
2,144,27
2,144,31
2,144,32
2,144,34
2,144,35
2,144,37
2,144,39
2,144,43
2,144,44
2,144,47
2,144,52
2,145,3
2,145,5
2,145,6
2,145,7
2,145,8
2,145,10
2,145,11
2,145,13
2,145,15
2,145,17
2,145,18
2,145,20
2,145,21
2,145,25
2,145,27
2,145,31
2,145,32
2,145,34
2,145,35
2,145,37
2,145,39
2,145,43
2,145,44
2,145,47
2,145,52
2,145,55
2,146,3
2,146,5
2,146,6
2,146,8
2,146,10
2,146,11
2,146,13
2,146,15
2,146,17
2,146,18
2,146,20
2,146,21
2,146,27
2,146,31
2,146,32
2,146,34
2,146,35
2,146,37
2,146,38
2,146,39
2,146,43
2,146,44
2,146,47
2,146,52
2,147,2
2,147,3
2,147,6
2,147,7
2,147,10
2,147,13
2,147,14
2,147,16
2,147,17
2,147,18
2,147,20
2,147,21
2,147,23
2,147,24
2,147,25
2,147,27
2,147,32
2,147,34
2,147,35
2,147,38
2,147,39
2,147,43
2,147,44
2,147,45
2,147,53
2,147,57
2,148,2
2,148,3
2,148,6
2,148,7
2,148,10
2,148,13
2,148,14
2,148,16
2,148,17
2,148,18
2,148,20
2,148,21
2,148,23
2,148,24
2,148,25
2,148,27
2,148,32
2,148,34
2,148,35
2,148,38
2,148,39
2,148,43
2,148,44
2,148,45
2,148,53
2,148,57
2,149,1
2,149,2
2,149,3
2,149,6
2,149,7
2,149,8
2,149,10
2,149,13
2,149,14
2,149,15
2,149,16
2,149,17
2,149,18
2,149,20
2,149,21
2,149,23
2,149,24
2,149,25
2,149,27
2,149,31
2,149,32
2,149,33
2,149,34
2,149,35
2,149,37
2,149,38
2,149,39
2,149,41
2,149,43
2,149,44
2,149,45
2,149,47
2,149,48
2,149,49
2,149,52
2,149,53
2,149,54
2,149,56
2,149,57
2,150,1
2,150,2
2,150,3
2,150,6
2,150,7
2,150,8
2,150,9
2,150,10
2,150,11
2,150,13
2,150,14
2,150,15
2,150,16
2,150,17
2,150,18
2,150,20
2,150,21
2,150,22
2,150,23
2,150,25
2,150,27
2,150,29
2,150,30
2,150,31
2,150,32
2,150,33
2,150,34
2,150,35
2,150,38
2,150,39
2,150,41
2,150,42
2,150,43
2,150,44
2,150,48
2,150,50
2,150,54
2,150,55
2,151,1
2,151,2
2,151,3
2,151,4
2,151,5
2,151,6
2,151,7
2,151,8
2,151,9
2,151,10
2,151,11
2,151,12
2,151,13
2,151,14
2,151,15
2,151,16
2,151,17
2,151,18
2,151,19
2,151,20
2,151,21
2,151,22
2,151,23
2,151,24
2,151,25
2,151,26
2,151,27
2,151,28
2,151,29
2,151,30
2,151,31
2,151,32
2,151,33
2,151,34
2,151,35
2,151,36
2,151,37
2,151,38
2,151,39
2,151,40
2,151,41
2,151,42
2,151,43
2,151,44
2,151,45
2,151,46
2,151,47
2,151,48
2,151,49
2,151,50
2,151,51
2,151,52
2,151,53
2,151,54
2,151,55
2,151,56
2,151,57
2,152,2
2,152,3
2,152,6
2,152,10
2,152,11
2,152,12
2,152,13
2,152,17
2,152,19
2,152,20
2,152,21
2,152,22
2,152,23
2,152,27
2,152,31
2,152,32
2,152,34
2,152,35
2,152,43
2,152,44
2,152,45
2,152,51
2,152,55
2,153,2
2,153,3
2,153,6
2,153,8
2,153,10
2,153,11
2,153,12
2,153,13
2,153,17
2,153,19
2,153,20
2,153,21
2,153,22
2,153,23
2,153,27
2,153,31
2,153,32
2,153,34
2,153,35
2,153,43
2,153,44
2,153,45
2,153,49
2,153,51
2,153,54
2,153,55
2,154,2
2,154,3
2,154,6
2,154,8
2,154,10
2,154,11
2,154,12
2,154,13
2,154,15
2,154,17
2,154,19
2,154,20
2,154,21
2,154,22
2,154,23
2,154,26
2,154,27
2,154,31
2,154,32
2,154,34
2,154,35
2,154,43
2,154,44
2,154,45
2,154,49
2,154,51
2,154,54
2,154,55
2,155,2
2,155,3
2,155,4
2,155,6
2,155,10
2,155,11
2,155,13
2,155,17
2,155,20
2,155,21
2,155,23
2,155,27
2,155,28
2,155,31
2,155,32
2,155,34
2,155,35
2,155,38
2,155,39
2,155,40
2,155,43
2,155,44
2,155,45
2,155,51
2,156,2
2,156,3
2,156,4
2,156,5
2,156,6
2,156,8
2,156,10
2,156,11
2,156,13
2,156,17
2,156,20
2,156,21
2,156,23
2,156,27
2,156,28
2,156,31
2,156,32
2,156,34
2,156,35
2,156,38
2,156,39
2,156,40
2,156,43
2,156,44
2,156,45
2,156,49
2,156,51
2,156,54
2,157,1
2,157,2
2,157,3
2,157,4
2,157,5
2,157,6
2,157,8
2,157,10
2,157,11
2,157,13
2,157,15
2,157,17
2,157,20
2,157,21
2,157,23
2,157,26
2,157,27
2,157,28
2,157,31
2,157,32
2,157,34
2,157,35
2,157,38
2,157,39
2,157,40
2,157,41
2,157,43
2,157,44
2,157,45
2,157,48
2,157,49
2,157,51
2,157,54
2,158,1
2,158,2
2,158,3
2,158,6
2,158,10
2,158,13
2,158,14
2,158,16
2,158,17
2,158,18
2,158,20
2,158,21
2,158,23
2,158,27
2,158,28
2,158,31
2,158,32
2,158,33
2,158,34
2,158,35
2,158,43
2,158,44
2,158,45
2,158,51
2,158,53
2,158,56
2,159,1
2,159,2
2,159,3
2,159,5
2,159,6
2,159,8
2,159,10
2,159,13
2,159,14
2,159,16
2,159,17
2,159,18
2,159,20
2,159,21
2,159,23
2,159,27
2,159,28
2,159,31
2,159,32
2,159,33
2,159,34
2,159,35
2,159,43
2,159,44
2,159,45
2,159,49
2,159,51
2,159,53
2,159,54
2,159,56
2,160,1
2,160,2
2,160,3
2,160,5
2,160,6
2,160,8
2,160,10
2,160,13
2,160,14
2,160,15
2,160,16
2,160,17
2,160,18
2,160,20
2,160,21
2,160,23
2,160,26
2,160,27
2,160,28
2,160,31
2,160,32
2,160,33
2,160,34
2,160,35
2,160,43
2,160,44
2,160,45
2,160,49
2,160,51
2,160,53
2,160,54
2,160,56
2,161,1
2,161,2
2,161,3
2,161,4
2,161,6
2,161,10
2,161,11
2,161,13
2,161,17
2,161,20
2,161,21
2,161,23
2,161,27
2,161,28
2,161,30
2,161,31
2,161,32
2,161,33
2,161,34
2,161,35
2,161,39
2,161,40
2,161,41
2,161,43
2,161,44
2,161,45
2,161,46
2,161,48
2,161,49
2,161,51
2,161,53
2,162,1
2,162,2
2,162,3
2,162,4
2,162,6
2,162,10
2,162,11
2,162,13
2,162,15
2,162,17
2,162,20
2,162,21
2,162,23
2,162,27
2,162,28
2,162,30
2,162,31
2,162,32
2,162,33
2,162,34
2,162,35
2,162,39
2,162,40
2,162,41
2,162,43
2,162,44
2,162,45
2,162,46
2,162,48
2,162,49
2,162,51
2,162,53
2,162,54
2,163,3
2,163,6
2,163,10
2,163,11
2,163,13
2,163,17
2,163,20
2,163,21
2,163,27
2,163,31
2,163,32
2,163,34
2,163,35
2,163,39
2,163,42
2,163,43
2,163,44
2,163,45
2,163,46
2,163,47
2,163,50
2,163,52
2,163,55
2,164,3
2,164,6
2,164,10
2,164,11
2,164,13
2,164,15
2,164,17
2,164,20
2,164,21
2,164,27
2,164,31
2,164,32
2,164,34
2,164,35
2,164,39
2,164,42
2,164,43
2,164,44
2,164,45
2,164,46
2,164,47
2,164,50
2,164,52
2,164,55
2,165,1
2,165,2
2,165,3
2,165,4
2,165,6
2,165,10
2,165,11
2,165,12
2,165,13
2,165,17
2,165,19
2,165,20
2,165,21
2,165,22
2,165,27
2,165,28
2,165,32
2,165,33
2,165,34
2,165,35
2,165,39
2,165,41
2,165,44
2,165,45
2,165,46
2,165,55
2,166,1
2,166,2
2,166,3
2,166,4
2,166,6
2,166,10
2,166,11
2,166,12
2,166,13
2,166,15
2,166,17
2,166,19
2,166,20
2,166,21
2,166,22
2,166,27
2,166,28
2,166,32
2,166,33
2,166,34
2,166,35
2,166,39
2,166,41
2,166,44
2,166,45
2,166,46
2,166,55
2,167,3
2,167,6
2,167,10
2,167,11
2,167,13
2,167,17
2,167,19
2,167,20
2,167,21
2,167,22
2,167,27
2,167,28
2,167,29
2,167,32
2,167,34
2,167,35
2,167,36
2,167,44
2,167,45
2,167,46
2,167,55
2,168,3
2,168,6
2,168,10
2,168,11
2,168,13
2,168,15
2,168,17
2,168,19
2,168,20
2,168,21
2,168,22
2,168,27
2,168,28
2,168,29
2,168,32
2,168,34
2,168,35
2,168,36
2,168,44
2,168,45
2,168,46
2,168,55
2,169,3
2,169,6
2,169,10
2,169,11
2,169,13
2,169,15
2,169,17
2,169,19
2,169,20
2,169,21
2,169,27
2,169,32
2,169,34
2,169,35
2,169,39
2,169,43
2,169,44
2,169,45
2,169,46
2,169,47
2,169,52
2,170,3
2,170,6
2,170,7
2,170,10
2,170,13
2,170,17
2,170,18
2,170,20
2,170,21
2,170,25
2,170,27
2,170,32
2,170,34
2,170,35
2,170,44
2,170,45
2,170,53
2,170,55
2,170,56
2,170,57
2,171,3
2,171,6
2,171,7
2,171,10
2,171,13
2,171,15
2,171,17
2,171,18
2,171,20
2,171,21
2,171,25
2,171,27
2,171,32
2,171,34
2,171,35
2,171,44
2,171,45
2,171,53
2,171,55
2,171,56
2,171,57
2,172,2
2,172,3
2,172,4
2,172,6
2,172,7
2,172,10
2,172,13
2,172,17
2,172,18
2,172,20
2,172,21
2,172,23
2,172,25
2,172,27
2,172,31
2,172,32
2,172,34
2,172,35
2,172,39
2,172,40
2,172,43
2,172,44
2,172,45
2,172,55
2,173,2
2,173,3
2,173,4
2,173,6
2,173,7
2,173,9
2,173,10
2,173,11
2,173,13
2,173,16
2,173,17
2,173,18
2,173,20
2,173,21
2,173,22
2,173,23
2,173,27
2,173,29
2,173,30
2,173,31
2,173,32
2,173,34
2,173,35
2,173,38
2,173,40
2,173,42
2,173,43
2,173,44
2,173,45
2,173,50
2,173,55
2,174,2
2,174,3
2,174,4
2,174,6
2,174,7
2,174,9
2,174,10
2,174,11
2,174,13
2,174,16
2,174,17
2,174,18
2,174,20
2,174,21
2,174,22
2,174,27
2,174,29
2,174,30
2,174,31
2,174,32
2,174,34
2,174,35
2,174,38
2,174,40
2,174,42
2,174,43
2,174,44
2,174,45
2,174,50
2,174,55
2,175,2
2,175,3
2,175,4
2,175,6
2,175,7
2,175,8
2,175,9
2,175,10
2,175,11
2,175,13
2,175,17
2,175,18
2,175,20
2,175,21
2,175,22
2,175,27
2,175,29
2,175,30
2,175,31
2,175,32
2,175,34
2,175,35
2,175,38
2,175,39
2,175,40
2,175,42
2,175,43
2,175,44
2,175,45
2,175,55
2,176,2
2,176,3
2,176,4
2,176,6
2,176,7
2,176,8
2,176,9
2,176,10
2,176,11
2,176,13
2,176,15
2,176,17
2,176,18
2,176,20
2,176,21
2,176,22
2,176,27
2,176,29
2,176,30
2,176,31
2,176,32
2,176,34
2,176,35
2,176,38
2,176,39
2,176,40
2,176,42
2,176,43
2,176,44
2,176,45
2,176,47
2,176,52
2,176,55
2,177,3
2,177,6
2,177,9
2,177,10
2,177,11
2,177,13
2,177,17
2,177,19
2,177,20
2,177,21
2,177,22
2,177,27
2,177,29
2,177,32
2,177,34
2,177,35
2,177,39
2,177,42
2,177,43
2,177,44
2,177,45
2,177,46
2,177,50
2,177,55
2,178,3
2,178,6
2,178,9
2,178,10
2,178,11
2,178,13
2,178,15
2,178,17
2,178,19
2,178,20
2,178,21
2,178,22
2,178,27
2,178,29
2,178,32
2,178,34
2,178,35
2,178,39
2,178,42
2,178,43
2,178,44
2,178,45
2,178,46
2,178,50
2,178,52
2,178,55
2,179,2
2,179,3
2,179,6
2,179,7
2,179,10
2,179,13
2,179,17
2,179,18
2,179,20
2,179,21
2,179,23
2,179,25
2,179,27
2,179,32
2,179,34
2,179,35
2,179,39
2,179,40
2,179,44
2,179,45
2,179,55
2,180,1
2,180,2
2,180,3
2,180,6
2,180,7
2,180,8
2,180,10
2,180,13
2,180,17
2,180,18
2,180,20
2,180,21
2,180,23
2,180,25
2,180,27
2,180,32
2,180,34
2,180,35
2,180,39
2,180,40
2,180,41
2,180,44
2,180,45
2,180,48
2,180,54
2,180,55
2,181,1
2,181,2
2,181,3
2,181,6
2,181,7
2,181,8
2,181,10
2,181,13
2,181,15
2,181,17
2,181,18
2,181,20
2,181,21
2,181,23
2,181,25
2,181,27
2,181,32
2,181,34
2,181,35
2,181,39
2,181,40
2,181,41
2,181,44
2,181,45
2,181,48
2,181,54
2,181,55
2,182,3
2,182,6
2,182,10
2,182,11
2,182,12
2,182,13
2,182,15
2,182,17
2,182,19
2,182,20
2,182,21
2,182,22
2,182,27
2,182,32
2,182,34
2,182,35
2,182,44
2,182,45
2,182,51
2,182,55
2,183,1
2,183,2
2,183,3
2,183,4
2,183,6
2,183,10
2,183,13
2,183,14
2,183,16
2,183,17
2,183,18
2,183,20
2,183,21
2,183,23
2,183,27
2,183,31
2,183,32
2,183,33
2,183,34
2,183,35
2,183,39
2,183,40
2,183,44
2,183,45
2,183,53
2,183,56
2,183,57
2,184,1
2,184,2
2,184,3
2,184,4
2,184,6
2,184,8
2,184,10
2,184,13
2,184,14
2,184,15
2,184,16
2,184,17
2,184,18
2,184,20
2,184,21
2,184,23
2,184,27
2,184,31
2,184,32
2,184,33
2,184,34
2,184,35
2,184,39
2,184,40
2,184,44
2,184,45
2,184,53
2,184,54
2,184,56
2,184,57
2,185,1
2,185,2
2,185,3
2,185,4
2,185,6
2,185,8
2,185,9
2,185,10
2,185,11
2,185,13
2,185,17
2,185,20
2,185,21
2,185,26
2,185,27
2,185,28
2,185,31
2,185,32
2,185,33
2,185,34
2,185,35
2,185,37
2,185,40
2,185,41
2,185,44
2,185,45
2,185,46
2,185,48
2,185,54
2,186,1
2,186,2
2,186,3
2,186,6
2,186,8
2,186,10
2,186,13
2,186,14
2,186,15
2,186,16
2,186,17
2,186,18
2,186,20
2,186,21
2,186,26
2,186,27
2,186,29
2,186,31
2,186,32
2,186,33
2,186,34
2,186,35
2,186,40
2,186,43
2,186,44
2,186,45
2,186,46
2,186,53
2,186,54
2,186,56
2,186,57
2,187,2
2,187,3
2,187,6
2,187,10
2,187,11
2,187,12
2,187,13
2,187,17
2,187,19
2,187,20
2,187,21
2,187,22
2,187,27
2,187,32
2,187,34
2,187,35
2,187,40
2,187,44
2,187,45
2,187,55
2,188,2
2,188,3
2,188,6
2,188,10
2,188,11
2,188,12
2,188,13
2,188,17
2,188,19
2,188,20
2,188,21
2,188,22
2,188,27
2,188,32
2,188,34
2,188,35
2,188,40
2,188,44
2,188,45
2,188,55
2,189,2
2,189,3
2,189,6
2,189,10
2,189,11
2,189,12
2,189,13
2,189,15
2,189,17
2,189,19
2,189,20
2,189,21
2,189,22
2,189,27
2,189,32
2,189,34
2,189,35
2,189,40
2,189,44
2,189,45
2,189,55
2,190,1
2,190,2
2,190,3
2,190,6
2,190,7
2,190,8
2,190,10
2,190,11
2,190,13
2,190,17
2,190,20
2,190,21
2,190,23
2,190,25
2,190,27
2,190,30
2,190,31
2,190,32
2,190,33
2,190,34
2,190,35
2,190,39
2,190,40
2,190,41
2,190,42
2,190,43
2,190,44
2,190,45
2,190,46
2,190,48
2,190,49
2,190,50
2,190,51
2,190,54
2,191,3
2,191,6
2,191,10
2,191,11
2,191,12
2,191,13
2,191,17
2,191,19
2,191,20
2,191,21
2,191,22
2,191,27
2,191,32
2,191,34
2,191,35
2,191,36
2,191,44
2,191,45
2,191,51
2,191,55
2,192,3
2,192,6
2,192,10
2,192,11
2,192,12
2,192,13
2,192,15
2,192,17
2,192,19
2,192,20
2,192,21
2,192,22
2,192,27
2,192,32
2,192,34
2,192,35
2,192,36
2,192,44
2,192,45
2,192,51
2,192,55
2,193,2
2,193,3
2,193,6
2,193,10
2,193,11
2,193,13
2,193,17
2,193,19
2,193,20
2,193,21
2,193,22
2,193,27
2,193,32
2,193,34
2,193,35
2,193,39
2,193,43
2,193,44
2,193,45
2,193,46
2,193,55
2,194,1
2,194,2
2,194,3
2,194,4
2,194,6
2,194,8
2,194,10
2,194,13
2,194,17
2,194,18
2,194,20
2,194,21
2,194,23
2,194,26
2,194,27
2,194,28
2,194,31
2,194,32
2,194,33
2,194,34
2,194,35
2,194,36
2,194,37
2,194,40
2,194,44
2,194,45
2,194,53
2,194,55
2,194,56
2,195,1
2,195,2
2,195,3
2,195,4
2,195,6
2,195,8
2,195,10
2,195,13
2,195,15
2,195,17
2,195,18
2,195,20
2,195,21
2,195,23
2,195,26
2,195,27
2,195,28
2,195,31
2,195,32
2,195,33
2,195,34
2,195,35
2,195,36
2,195,37
2,195,40
2,195,44
2,195,45
2,195,53
2,195,54
2,195,55
2,195,56
2,196,2
2,196,3
2,196,6
2,196,7
2,196,9
2,196,10
2,196,11
2,196,13
2,196,15
2,196,17
2,196,18
2,196,20
2,196,21
2,196,23
2,196,27
2,196,29
2,196,30
2,196,31
2,196,32
2,196,34
2,196,35
2,196,39
2,196,42
2,196,43
2,196,44
2,196,45
2,196,50
2,196,51
2,196,55
2,197,2
2,197,3
2,197,6
2,197,7
2,197,9
2,197,10
2,197,11
2,197,13
2,197,15
2,197,17
2,197,18
2,197,20
2,197,21
2,197,23
2,197,27
2,197,29
2,197,30
2,197,31
2,197,32
2,197,34
2,197,35
2,197,39
2,197,42
2,197,43
2,197,44
2,197,45
2,197,50
2,197,51
2,197,55
2,198,3
2,198,6
2,198,9
2,198,10
2,198,11
2,198,13
2,198,16
2,198,17
2,198,20
2,198,21
2,198,27
2,198,30
2,198,31
2,198,32
2,198,34
2,198,35
2,198,39
2,198,42
2,198,43
2,198,44
2,198,45
2,198,46
2,198,47
2,198,50
2,198,52
2,199,1
2,199,2
2,199,3
2,199,6
2,199,7
2,199,8
2,199,9
2,199,10
2,199,11
2,199,13
2,199,14
2,199,15
2,199,16
2,199,17
2,199,18
2,199,20
2,199,21
2,199,23
2,199,26
2,199,27
2,199,28
2,199,29
2,199,30
2,199,31
2,199,32
2,199,33
2,199,34
2,199,35
2,199,38
2,199,39
2,199,42
2,199,44
2,199,45
2,199,49
2,199,50
2,199,53
2,199,54
2,199,55
2,199,56
2,200,2
2,200,3
2,200,6
2,200,7
2,200,9
2,200,10
2,200,11
2,200,13
2,200,17
2,200,18
2,200,20
2,200,21
2,200,25
2,200,27
2,200,29
2,200,30
2,200,32
2,200,34
2,200,35
2,200,39
2,200,40
2,200,42
2,200,44
2,200,45
2,200,46
2,200,50
2,200,55
2,203,2
2,203,3
2,203,6
2,203,7
2,203,8
2,203,9
2,203,10
2,203,11
2,203,13
2,203,17
2,203,20
2,203,21
2,203,23
2,203,25
2,203,26
2,203,27
2,203,29
2,203,30
2,203,31
2,203,32
2,203,34
2,203,35
2,203,39
2,203,42
2,203,44
2,203,45
2,203,46
2,203,50
2,203,54
2,204,2
2,204,3
2,204,4
2,204,6
2,204,8
2,204,10
2,204,11
2,204,12
2,204,13
2,204,17
2,204,19
2,204,20
2,204,21
2,204,22
2,204,27
2,204,32
2,204,34
2,204,35
2,204,40
2,204,44
2,204,45
2,204,54
2,205,2
2,205,3
2,205,4
2,205,6
2,205,8
2,205,10
2,205,11
2,205,12
2,205,13
2,205,15
2,205,17
2,205,19
2,205,20
2,205,21
2,205,22
2,205,27
2,205,32
2,205,34
2,205,35
2,205,37
2,205,40
2,205,44
2,205,45
2,205,54
2,206,2
2,206,3
2,206,4
2,206,6
2,206,7
2,206,8
2,206,9
2,206,10
2,206,11
2,206,13
2,206,17
2,206,18
2,206,20
2,206,21
2,206,22
2,206,23
2,206,25
2,206,27
2,206,28
2,206,31
2,206,32
2,206,34
2,206,35
2,206,40
2,206,42
2,206,44
2,206,45
2,206,46
2,206,50
2,206,54
2,207,2
2,207,3
2,207,6
2,207,8
2,207,10
2,207,11
2,207,13
2,207,17
2,207,20
2,207,21
2,207,23
2,207,27
2,207,32
2,207,34
2,207,35
2,207,36
2,207,37
2,207,39
2,207,43
2,207,44
2,207,45
2,207,46
2,207,49
2,207,51
2,207,54
2,208,2
2,208,3
2,208,4
2,208,5
2,208,6
2,208,8
2,208,10
2,208,11
2,208,13
2,208,15
2,208,17
2,208,20
2,208,21
2,208,23
2,208,24
2,208,26
2,208,27
2,208,28
2,208,31
2,208,32
2,208,34
2,208,35
2,208,37
2,208,40
2,208,44
2,208,45
2,208,51
2,208,54
2,209,1
2,209,2
2,209,3
2,209,5
2,209,6
2,209,7
2,209,8
2,209,10
2,209,11
2,209,13
2,209,17
2,209,18
2,209,20
2,209,21
2,209,25
2,209,27
2,209,30
2,209,31
2,209,32
2,209,33
2,209,34
2,209,35
2,209,36
2,209,40
2,209,41
2,209,43
2,209,44
2,209,45
2,209,46
2,209,48
2,209,54
2,210,1
2,210,2
2,210,3
2,210,5
2,210,6
2,210,7
2,210,8
2,210,10
2,210,11
2,210,13
2,210,15
2,210,17
2,210,18
2,210,20
2,210,21
2,210,25
2,210,27
2,210,30
2,210,31
2,210,32
2,210,33
2,210,34
2,210,35
2,210,36
2,210,40
2,210,41
2,210,43
2,210,44
2,210,45
2,210,46
2,210,48
2,210,54
2,211,2
2,211,3
2,211,4
2,211,6
2,211,10
2,211,13
2,211,14
2,211,16
2,211,17
2,211,18
2,211,20
2,211,21
2,211,27
2,211,32
2,211,34
2,211,35
2,211,36
2,211,39
2,211,40
2,211,44
2,211,45
2,211,53
2,211,56
2,211,57
2,212,2
2,212,3
2,212,6
2,212,8
2,212,10
2,212,11
2,212,13
2,212,15
2,212,17
2,212,20
2,212,21
2,212,27
2,212,32
2,212,34
2,212,35
2,212,37
2,212,39
2,212,43
2,212,44
2,212,45
2,212,46
2,212,47
2,212,49
2,212,51
2,212,54
2,213,2
2,213,3
2,213,4
2,213,6
2,213,8
2,213,10
2,213,11
2,213,13
2,213,17
2,213,20
2,213,21
2,213,26
2,213,27
2,213,28
2,213,31
2,213,32
2,213,34
2,213,35
2,213,36
2,213,37
2,213,40
2,213,44
2,213,45
2,213,54
2,213,55
2,214,2
2,214,3
2,214,6
2,214,8
2,214,10
2,214,11
2,214,13
2,214,17
2,214,20
2,214,21
2,214,26
2,214,27
2,214,32
2,214,34
2,214,35
2,214,43
2,214,44
2,214,45
2,214,46
2,214,49
2,214,51
2,214,54
2,215,1
2,215,2
2,215,3
2,215,6
2,215,8
2,215,9
2,215,10
2,215,13
2,215,14
2,215,16
2,215,17
2,215,18
2,215,20
2,215,21
2,215,23
2,215,27
2,215,28
2,215,30
2,215,31
2,215,32
2,215,33
2,215,34
2,215,35
2,215,39
2,215,40
2,215,42
2,215,43
2,215,44
2,215,45
2,215,46
2,215,49
2,215,50
2,215,51
2,215,53
2,215,54
2,216,1
2,216,2
2,216,3
2,216,4
2,216,5
2,216,6
2,216,7
2,216,8
2,216,10
2,216,11
2,216,13
2,216,17
2,216,20
2,216,21
2,216,26
2,216,27
2,216,28
2,216,31
2,216,32
2,216,33
2,216,34
2,216,35
2,216,39
2,216,40
2,216,41
2,216,44
2,216,45
2,216,46
2,216,48
2,216,49
2,216,51
2,216,54
2,217,1
2,217,2
2,217,3
2,217,4
2,217,5
2,217,6
2,217,7
2,217,8
2,217,10
2,217,11
2,217,13
2,217,15
2,217,17
2,217,20
2,217,21
2,217,26
2,217,27
2,217,28
2,217,31
2,217,32
2,217,33
2,217,34
2,217,35
2,217,39
2,217,40
2,217,41
2,217,44
2,217,45
2,217,46
2,217,48
2,217,49
2,217,51
2,217,54
2,218,3
2,218,4
2,218,6
2,218,8
2,218,10
2,218,11
2,218,13
2,218,17
2,218,20
2,218,21
2,218,27
2,218,31
2,218,32
2,218,34
2,218,35
2,218,38
2,218,40
2,218,44
2,218,45
2,219,3
2,219,4
2,219,6
2,219,8
2,219,10
2,219,11
2,219,13
2,219,15
2,219,17
2,219,20
2,219,21
2,219,26
2,219,27
2,219,31
2,219,32
2,219,34
2,219,35
2,219,38
2,219,40
2,219,44
2,219,45
2,219,54
2,220,2
2,220,3
2,220,5
2,220,6
2,220,8
2,220,10
2,220,13
2,220,14
2,220,16
2,220,17
2,220,18
2,220,20
2,220,21
2,220,26
2,220,27
2,220,31
2,220,32
2,220,34
2,220,35
2,220,40
2,220,43
2,220,44
2,220,45
2,220,54
2,221,2
2,221,3
2,221,5
2,221,6
2,221,8
2,221,10
2,221,13
2,221,14
2,221,15
2,221,16
2,221,17
2,221,18
2,221,20
2,221,21
2,221,26
2,221,27
2,221,31
2,221,32
2,221,34
2,221,35
2,221,40
2,221,43
2,221,44
2,221,45
2,221,54
2,222,2
2,222,3
2,222,4
2,222,6
2,222,8
2,222,10
2,222,11
2,222,13
2,222,17
2,222,18
2,222,20
2,222,21
2,222,26
2,222,27
2,222,29
2,222,31
2,222,32
2,222,34
2,222,35
2,222,37
2,222,40
2,222,44
2,222,45
2,222,53
2,222,54
2,222,56
2,223,3
2,223,6
2,223,10
2,223,13
2,223,15
2,223,17
2,223,18
2,223,20
2,223,21
2,223,27
2,223,31
2,223,32
2,223,34
2,223,35
2,223,39
2,223,40
2,223,44
2,223,45
2,223,46
2,223,53
2,223,56
2,224,3
2,224,6
2,224,10
2,224,13
2,224,15
2,224,17
2,224,18
2,224,20
2,224,21
2,224,27
2,224,31
2,224,32
2,224,34
2,224,35
2,224,39
2,224,40
2,224,44
2,224,45
2,224,46
2,224,53
2,224,56
2,225,2
2,225,3
2,225,6
2,225,10
2,225,13
2,225,14
2,225,16
2,225,17
2,225,18
2,225,20
2,225,21
2,225,27
2,225,31
2,225,32
2,225,34
2,225,35
2,225,39
2,225,43
2,225,44
2,225,45
2,225,46
2,225,52
2,226,2
2,226,3
2,226,6
2,226,10
2,226,13
2,226,14
2,226,16
2,226,17
2,226,18
2,226,20
2,226,21
2,226,27
2,226,31
2,226,32
2,226,34
2,226,35
2,226,39
2,226,44
2,226,45
2,226,53
2,226,56
2,226,57
2,227,3
2,227,6
2,227,10
2,227,11
2,227,13
2,227,17
2,227,20
2,227,21
2,227,27
2,227,31
2,227,32
2,227,34
2,227,35
2,227,37
2,227,39
2,227,43
2,227,44
2,227,45
2,227,46
2,227,47
2,227,51
2,227,52
2,228,2
2,228,3
2,228,5
2,228,6
2,228,8
2,228,10
2,228,11
2,228,13
2,228,17
2,228,20
2,228,21
2,228,22
2,228,23
2,228,27
2,228,30
2,228,31
2,228,32
2,228,34
2,228,35
2,228,36
2,228,38
2,228,39
2,228,42
2,228,43
2,228,44
2,228,45
2,228,46
2,228,50
2,229,2
2,229,3
2,229,5
2,229,6
2,229,8
2,229,10
2,229,11
2,229,13
2,229,15
2,229,17
2,229,20
2,229,21
2,229,22
2,229,23
2,229,27
2,229,30
2,229,31
2,229,32
2,229,34
2,229,35
2,229,36
2,229,38
2,229,39
2,229,42
2,229,43
2,229,44
2,229,45
2,229,46
2,229,50
2,229,54
2,230,2
2,230,3
2,230,6
2,230,10
2,230,13
2,230,14
2,230,15
2,230,16
2,230,17
2,230,18
2,230,20
2,230,21
2,230,24
2,230,27
2,230,32
2,230,34
2,230,35
2,230,39
2,230,44
2,230,45
2,230,53
2,230,56
2,230,57
2,231,2
2,231,3
2,231,4
2,231,5
2,231,6
2,231,8
2,231,10
2,231,11
2,231,13
2,231,17
2,231,20
2,231,21
2,231,26
2,231,27
2,231,31
2,231,32
2,231,34
2,231,35
2,231,37
2,231,40
2,231,44
2,231,45
2,231,54
2,232,2
2,232,3
2,232,4
2,232,5
2,232,6
2,232,8
2,232,10
2,232,11
2,232,13
2,232,15
2,232,17
2,232,20
2,232,21
2,232,26
2,232,27
2,232,31
2,232,32
2,232,34
2,232,35
2,232,37
2,232,40
2,232,44
2,232,45
2,232,54
2,233,3
2,233,6
2,233,7
2,233,9
2,233,10
2,233,11
2,233,13
2,233,14
2,233,15
2,233,16
2,233,17
2,233,18
2,233,20
2,233,21
2,233,23
2,233,25
2,233,27
2,233,29
2,233,32
2,233,34
2,233,35
2,233,39
2,233,40
2,233,42
2,233,44
2,233,46
2,233,50
2,233,55
2,234,2
2,234,3
2,234,5
2,234,6
2,234,9
2,234,10
2,234,11
2,234,13
2,234,17
2,234,18
2,234,20
2,234,21
2,234,26
2,234,27
2,234,29
2,234,31
2,234,32
2,234,34
2,234,35
2,234,39
2,234,42
2,234,43
2,234,44
2,234,45
2,234,46
2,234,50
2,234,55
2,236,2
2,236,3
2,236,6
2,236,8
2,236,10
2,236,11
2,236,13
2,236,17
2,236,20
2,236,21
2,236,27
2,236,31
2,236,32
2,236,34
2,236,35
2,236,39
2,236,43
2,236,44
2,236,45
2,236,46
2,236,54
2,237,2
2,237,3
2,237,6
2,237,8
2,237,10
2,237,11
2,237,13
2,237,17
2,237,20
2,237,21
2,237,27
2,237,28
2,237,31
2,237,32
2,237,34
2,237,35
2,237,39
2,237,43
2,237,44
2,237,45
2,237,46
2,237,54
2,238,1
2,238,3
2,238,6
2,238,9
2,238,10
2,238,12
2,238,13
2,238,14
2,238,16
2,238,17
2,238,18
2,238,20
2,238,21
2,238,27
2,238,29
2,238,30
2,238,31
2,238,32
2,238,33
2,238,34
2,238,35
2,238,42
2,238,44
2,238,45
2,238,46
2,238,50
2,239,1
2,239,2
2,239,3
2,239,6
2,239,7
2,239,10
2,239,13
2,239,17
2,239,18
2,239,20
2,239,21
2,239,25
2,239,27
2,239,29
2,239,31
2,239,32
2,239,33
2,239,34
2,239,35
2,239,39
2,239,41
2,239,43
2,239,44
2,239,45
2,239,46
2,239,48
2,239,55
2,240,1
2,240,2
2,240,3
2,240,6
2,240,10
2,240,11
2,240,13
2,240,17
2,240,20
2,240,21
2,240,23
2,240,27
2,240,29
2,240,31
2,240,32
2,240,34
2,240,35
2,240,38
2,240,41
2,240,43
2,240,44
2,240,45
2,240,46
2,240,48
2,241,1
2,241,2
2,241,3
2,241,4
2,241,6
2,241,7
2,241,8
2,241,9
2,241,10
2,241,11
2,241,12
2,241,13
2,241,14
2,241,15
2,241,16
2,241,17
2,241,18
2,241,20
2,241,21
2,241,23
2,241,25
2,241,26
2,241,27
2,241,30
2,241,31
2,241,32
2,241,33
2,241,34
2,241,35
2,241,37
2,241,40
2,241,41
2,241,44
2,241,45
2,241,48
2,241,53
2,241,54
2,242,1
2,242,2
2,242,3
2,242,4
2,242,6
2,242,7
2,242,8
2,242,10
2,242,11
2,242,13
2,242,14
2,242,15
2,242,16
2,242,17
2,242,18
2,242,20
2,242,21
2,242,22
2,242,25
2,242,27
2,242,29
2,242,30
2,242,31
2,242,32
2,242,34
2,242,35
2,242,37
2,242,38
2,242,40
2,242,42
2,242,44
2,242,45
2,242,54
2,242,55
2,243,2
2,243,3
2,243,5
2,243,6
2,243,7
2,243,8
2,243,9
2,243,10
2,243,11
2,243,13
2,243,15
2,243,17
2,243,18
2,243,20
2,243,21
2,243,23
2,243,25
2,243,27
2,243,28
2,243,31
2,243,32
2,243,34
2,243,35
2,243,37
2,243,39
2,243,43
2,243,44
2,243,51
2,243,54
2,243,55
2,244,2
2,244,3
2,244,5
2,244,6
2,244,8
2,244,9
2,244,10
2,244,11
2,244,13
2,244,15
2,244,17
2,244,18
2,244,20
2,244,21
2,244,22
2,244,23
2,244,27
2,244,28
2,244,31
2,244,32
2,244,34
2,244,35
2,244,37
2,244,38
2,244,39
2,244,43
2,244,44
2,244,51
2,244,54
2,244,55
2,245,2
2,245,3
2,245,5
2,245,6
2,245,8
2,245,9
2,245,10
2,245,11
2,245,13
2,245,14
2,245,15
2,245,16
2,245,17
2,245,18
2,245,20
2,245,21
2,245,23
2,245,27
2,245,28
2,245,31
2,245,32
2,245,34
2,245,35
2,245,37
2,245,39
2,245,43
2,245,44
2,245,51
2,245,53
2,245,56
2,245,57
2,246,2
2,246,3
2,246,6
2,246,10
2,246,11
2,246,13
2,246,15
2,246,17
2,246,18
2,246,20
2,246,21
2,246,26
2,246,27
2,246,28
2,246,31
2,246,32
2,246,34
2,246,35
2,246,37
2,246,43
2,246,44
2,246,45
2,247,2
2,247,3
2,247,6
2,247,10
2,247,11
2,247,13
2,247,15
2,247,17
2,247,18
2,247,20
2,247,21
2,247,26
2,247,27
2,247,28
2,247,31
2,247,32
2,247,34
2,247,35
2,247,37
2,247,43
2,247,44
2,247,45
2,248,1
2,248,2
2,248,3
2,248,5
2,248,6
2,248,8
2,248,10
2,248,11
2,248,13
2,248,15
2,248,17
2,248,18
2,248,20
2,248,21
2,248,23
2,248,24
2,248,26
2,248,27
2,248,28
2,248,31
2,248,32
2,248,34
2,248,35
2,248,37
2,248,38
2,248,43
2,248,44
2,248,45
2,248,48
2,248,49
2,248,50
2,248,51
2,248,53
2,248,54
2,249,2
2,249,3
2,249,5
2,249,6
2,249,7
2,249,8
2,249,9
2,249,10
2,249,11
2,249,13
2,249,14
2,249,15
2,249,16
2,249,17
2,249,18
2,249,19
2,249,20
2,249,21
2,249,23
2,249,24
2,249,25
2,249,26
2,249,27
2,249,29
2,249,30
2,249,31
2,249,32
2,249,34
2,249,35
2,249,37
2,249,39
2,249,42
2,249,43
2,249,44
2,249,47
2,249,50
2,249,52
2,249,53
2,249,54
2,249,56
2,249,57
2,250,3
2,250,5
2,250,6
2,250,7
2,250,8
2,250,9
2,250,10
2,250,11
2,250,13
2,250,15
2,250,17
2,250,18
2,250,19
2,250,20
2,250,21
2,250,22
2,250,24
2,250,25
2,250,26
2,250,27
2,250,29
2,250,30
2,250,31
2,250,32
2,250,34
2,250,35
2,250,37
2,250,38
2,250,39
2,250,42
2,250,43
2,250,44
2,250,47
2,250,50
2,250,52
2,250,54
2,250,55
2,251,3
2,251,6
2,251,9
2,251,10
2,251,11
2,251,12
2,251,13
2,251,15
2,251,17
2,251,18
2,251,19
2,251,20
2,251,21
2,251,22
2,251,27
2,251,29
2,251,30
2,251,31
2,251,32
2,251,34
2,251,35
2,251,37
2,251,39
2,251,40
2,251,42
2,251,43
2,251,44
2,251,50
2,251,55
